"DESCRIPTION","DURATION IN MS","NAME","PARENT SUITE","START TIME","STATUS","STOP TIME","SUB SUITE","SUITE","TEST CLASS","TEST METHOD"
"Submit XSS-like payloads and verify they are not reflected raw in the DOM and do not cause a successful login.","17660","Security: XSS payloads are not executed or reflected","tests","2025-12-24","passed","2025-12-24","TestSecurity","test_security","",""
"Test session security.","10001","test_session_hijacking_prevention","tests","2025-12-23","failed","2025-12-23","TestSecurity","test_security","",""
"Navigate to Users, perform search/filter, and open a user details view when available.","20209","Workflow: User management end-to-end","tests","2025-12-24","passed","2025-12-24","TestCompleteWorkflow","test_complete_workflow","",""
"Test dashboard access with both user accounts.","7549","test_dashboard_access_with_both_users[kranjith@codezyng.com-test1234]","tests","2025-12-22","passed","2025-12-22","TestDashboardComprehensive","test_comprehensive_dashboard","",""
"Test that settings page loads correctly.","15284","test_settings_page_loads","tests","2025-12-23","skipped","2025-12-23","TestSettings","test_settings","",""
"Test that sensitive data is not exposed in URL.","8965","test_sensitive_data_in_url","tests","2025-12-24","passed","2025-12-24","TestSecurity","test_security","",""
"Edit a task to move its due date to the future and verify save completes.","32218","Tasks: Carry forward task due date","tests","2025-12-24","passed","2025-12-24","TestTasksComprehensive","test_tasks_comprehensive","",""
"Test complete user journey for regular user.","7492","test_complete_user_journey_user","tests","2025-12-24","passed","2025-12-24","TestEndToEnd","test_end_to_end","",""
"Enter emails with valid special characters and verify the login flow accepts them or shows validation gracefully.","4951","Edge: Special characters in email","tests","2025-12-24","passed","2025-12-24","TestEdgeCases","test_edge_cases","",""
"Test that password in uppercase should fail (password is case-sensitive).","7538","test_password_case_sensitive_uppercase_should_fail","tests","2025-12-24","passed","2025-12-24","TestUsernamePasswordNormalization","test_username_password_normalization","",""
"Test navigation between multiple pages.","34965","test_multiple_pages_navigation","tests","2025-12-22","passed","2025-12-22","TestTabsPagesComprehensive","test_tabs_pages_comprehensive","",""
"Test all features are accessible after login.","25751","test_all_features_accessible","tests","2025-12-24","passed","2025-12-24","TestPositiveCases","test_positive_cases","",""
"Look for an Active Users card or text in metric cards to surface user-count metrics to reviewers.","13650","Dashboard: Active Users metric present","tests","2025-12-24","passed","2025-12-24","TestDashboardElements","test_dashboard_elements","",""
"Test page refresh maintains active tab.","17769","test_page_refresh_maintains_active_tab","tests","2025-12-22","passed","2025-12-22","TestTabsPagesComprehensive","test_tabs_pages_comprehensive","",""
"Test form submission works correctly.","9503","test_form_submission","tests","2025-12-24","passed","2025-12-24","TestPositiveCases","test_positive_cases","",""
"Test memory usage during operations.","9504","test_memory_usage","tests","2025-12-24","passed","2025-12-24","TestPerformance","test_performance","",""
"Test that navigation menu is available after login.","10968","test_navigation_menu_visible","tests","2025-12-24","passed","2025-12-24","TestNavigation","test_navigation","",""
"Quickly navigate through multiple sections in sequence and ensure navigation commands succeed for at least one section.","30767","Workflow: Multi-section navigation","tests","2025-12-24","passed","2025-12-24","TestCompleteWorkflow","test_complete_workflow","",""
"Verify key UI elements on Reports page (header, table). This helps reviewers quickly spot missing UI parts.","22091","Reports: Page elements visible","tests","2025-12-24","passed","2025-12-24","TestReports","test_reports","",""
"Search for users and verify results are filtered or input accepts values.","17756","Users: Search filters results","tests","2025-12-24","passed","2025-12-24","TestUsers","test_users","",""
"Test dashboard access with both user accounts.","7451","test_dashboard_access_with_both_users[shishir@codezyng.com-test12345]","tests","2025-12-24","passed","2025-12-24","TestDashboardComprehensive","test_comprehensive_dashboard","",""
"Open a new tab while logged in and verify the new tab is at a valid app page (dashboard expected).","10139","Edge: Multiple tabs / sessions","tests","2025-12-24","passed","2025-12-24","TestEdgeCases","test_edge_cases","",""
"Test that login page has all required elements.","1586","test_login_page_elements","tests","2025-12-24","passed","2025-12-24","TestLoginComprehensive","test_comprehensive_login","",""
"Test various username case variations should all pass.","13734","test_username_case_variations_should_all_pass","tests","2025-12-24","passed","2025-12-24","TestUsernamePasswordNormalization","test_username_password_normalization","",""
"Ensure focused interactive elements have a visible indicator (outline, border, or box-shadow) for keyboard users.","3083","Accessibility: Focus indicators visible for keyboard navigation","tests","2025-12-24","passed","2025-12-24","TestAccessibility","test_accessibility","",""
"Test tabs have proper accessibility labels.","18451","test_tab_accessibility_labels","tests","2025-12-22","passed","2025-12-22","TestTabsPagesComprehensive","test_tabs_pages_comprehensive","",""
"Test session handling for unauthorized user.","10580","test_unauthorized_user_session_handling","tests","2025-12-24","passed","2025-12-24","TestUnauthorizedAccess","test_unauthorized_access","",""
"Confirm dashboard contains interactive controls (buttons/inputs) for usability.","13209","Dashboard: Interactive elements present","tests","2025-12-24","passed","2025-12-24","TestDashboardElements","test_dashboard_elements","",""
"Reload the reports page and ensure it remains usable (URL or header visible).","23620","Reports: Page reload stability","tests","2025-12-24","passed","2025-12-24","TestReports","test_reports","",""
"Click the Last page control and verify navigation (next should become disabled or URL changes).","14139","Pagination: Last page button","tests","2025-12-24","passed","2025-12-24","TestPaginationComprehensive","test_pagination_comprehensive","",""
"Navigate users pagination if present and verify UI responds.","15813","Users: Pagination","tests","2025-12-24","passed","2025-12-24","TestUsers","test_users","",""
"Test clearing search results.","24145","test_search_clear_functionality","tests","2025-12-24","passed","2025-12-24","TestSearchComprehensive","test_search_comprehensive","",""
"Open the create user form and cancel; verify the form closes.","20758","Users: Cancel create form","tests","2025-12-24","failed","2025-12-24","TestUsers","test_users","",""
"Test searching branches by name.","20575","test_search_branches_by_name","tests","2025-12-24","passed","2025-12-24","TestSearchComprehensive","test_search_comprehensive","",""
"Test where unauthorized user is redirected after login attempt.","7568","test_unauthorized_user_redirect_after_login","tests","2025-12-24","passed","2025-12-24","TestUnauthorizedAccess","test_unauthorized_access","",""
"Check presence of the User Live Approx. Location section and its search input.","18585","Dashboard: User location section","tests","2025-12-24","passed","2025-12-24","TestDashboardElements","test_dashboard_elements","",""
"Open the create user form, fill some fields, cancel the form, and verify the users list is shown afterwards.","30009","Users: Cancel user creation returns to list","tests","2025-12-24","passed","2025-12-24","TestUsersCRUDComprehensive","test_users_crud_comprehensive","",""
"Test page URL structure.","1609","test_page_url_structure","tests","2025-12-24","passed","2025-12-24","TestUIElements","test_ui_elements","",""
"Test filtering reports from one date to another.","23742","test_filter_reports_by_date_range","tests","2025-12-24","passed","2025-12-24","TestReportsComprehensive","test_reports_comprehensive","",""
"Test report generation functionality.","17773","test_report_generation","tests","2025-12-24","passed","2025-12-24","TestPositiveCases","test_positive_cases","",""
"Test user search works correctly.","20523","test_user_search_functionality","tests","2025-12-24","passed","2025-12-24","TestPositiveCases","test_positive_cases","",""
"Test multiple login attempts.","8865","test_multiple_login_attempts","tests","2025-12-24","passed","2025-12-24","TestLoginComprehensive","test_comprehensive_login","",""
"Test searching tasks by title.","20626","test_search_tasks_by_title","tests","2025-12-24","passed","2025-12-24","TestSearchComprehensive","test_search_comprehensive","",""
"Apply a status filter (e.g., active) and verify results update accordingly.","20625","Branch: Status filter","tests","2025-12-24","skipped","2025-12-24","TestBranch","test_branch","",""
"Test full application access for both user types.","7646","test_full_application_access_both_users[shishir@codezyng.com-test1234]","tests","2025-12-22","passed","2025-12-22","TestCompleteWorkflow","test_complete_workflow","",""
"Test login with various credential combinations.","7558","test_login_with_different_credentials[shishir@codezyng.com-test1234-False]","tests","2025-12-22","passed","2025-12-22","TestLoginComprehensive","test_comprehensive_login","",""
"Verify Users page header and essential UI elements are present.","22261","Users: Page elements visible","tests","2025-12-24","passed","2025-12-24","TestUsers","test_users","",""
"Test deleting a report.","17082","test_delete_report_functionality","tests","2025-12-24","passed","2025-12-24","TestReportsComprehensive","test_reports_comprehensive","",""
"Verify reports table or alternative layouts are present on the page.","20541","Reports: Table structure","tests","2025-12-24","failed","2025-12-24","TestReports","test_reports","",""
"Wait briefly and reload to simulate session expiry, then ensure the app shows either dashboard or login page appropriately.","15912","Edge: Session expiry handling","tests","2025-12-24","passed","2025-12-24","TestEdgeCases","test_edge_cases","",""
"Test searching branches by code.","20726","test_search_branches_by_code","tests","2025-12-24","passed","2025-12-24","TestSearchComprehensive","test_search_comprehensive","",""
"Test various combinations of username and password normalization.","4946","test_various_username_password_combinations[shashwatrane@codezyng.com-  test1234  -True]","tests","2025-12-24","passed","2025-12-24","TestUsernamePasswordNormalization","test_username_password_normalization","",""
"Check HTTP response headers for a Content-Security-Policy header; skip if not present in this environment.","1802","Security: Content-Security-Policy header present","tests","2025-12-24","skipped","2025-12-24","TestSecurity","test_security","",""
"Navigate forward then back in users pagination and verify navigation reverts.","15164","Pagination: Users - Previous page","tests","2025-12-24","failed","2025-12-24","TestPaginationComprehensive","test_pagination_comprehensive","",""
"Test navigation between pages.","13232","test_page_navigation_flow","tests","2025-12-24","passed","2025-12-24","TestNavigation","test_navigation","",""
"Test accessing specific tab via URL.","12513","test_direct_url_to_specific_tab","tests","2025-12-22","passed","2025-12-22","TestTabsPagesComprehensive","test_tabs_pages_comprehensive","",""
"Test notifications settings.","15050","test_notifications_settings","tests","2025-12-23","passed","2025-12-23","TestSettings","test_settings","",""
"Test searching reports by name.","20553","test_search_reports_by_name","tests","2025-12-24","passed","2025-12-24","TestSearchComprehensive","test_search_comprehensive","",""
"Verify the users table or equivalent list is present.","15723","Users: Table structure","tests","2025-12-24","passed","2025-12-24","TestUsers","test_users","",""
"Test exporting reports to Excel.","164825","test_export_reports_excel","tests","2025-12-24","passed","2025-12-24","TestReportsComprehensive","test_reports_comprehensive","",""
"Test login with various credential combinations.","11669","test_login_with_different_credentials[invalid@email.com-wrongpass-False]","tests","2025-12-24","passed","2025-12-24","TestLoginComprehensive","test_comprehensive_login","",""
"Reload the tasks page and ensure it remains usable (URL or header visible).","24821","Tasks: Page reload stability","tests","2025-12-24","passed","2025-12-24","TestTasks","test_tasks","",""
"Test various combinations of username and password normalization.","7548","test_various_username_password_combinations[shashwatrane@codezyng.com-  TEST1234  -False]","tests","2025-12-24","passed","2025-12-24","TestUsernamePasswordNormalization","test_username_password_normalization","",""
"Test complete admin login flow.","11853","test_admin_login_flow","tests","2025-12-24","failed","2025-12-24","TestLoginComprehensive","test_comprehensive_login","",""
"Test that username in mixed case should pass (case-insensitive).","4862","test_username_mixed_case_should_pass","tests","2025-12-24","passed","2025-12-24","TestUsernamePasswordNormalization","test_username_password_normalization","",""
"Login as admin and navigate to Reports. Expect the reports page to load (URL or header visible).","16990","Reports: Page loads","tests","2025-12-24","passed","2025-12-24","TestReports","test_reports","",""
"Test that spaces at both ends of username are trimmed and login succeeds.","4889","test_username_with_spaces_at_both_ends_should_pass","tests","2025-12-24","passed","2025-12-24","TestUsernamePasswordNormalization","test_username_password_normalization","",""
"Open create task form and verify form elements are present.","175588","Tasks: Create form elements","tests","2025-12-24","skipped","2025-12-24","TestTasks","test_tasks","",""
"Test partial match in search.","20829","test_search_partial_match","tests","2025-12-24","passed","2025-12-24","TestSearchComprehensive","test_search_comprehensive","",""
"Fill the new user form and verify inputs accept values.","30509","Users: Fill create form","tests","2025-12-24","passed","2025-12-24","TestUsers","test_users","",""
"Test settings Profile tab.","17715","test_settings_profile_tab","tests","2025-12-22","passed","2025-12-22","TestTabsPagesComprehensive","test_tabs_pages_comprehensive","",""
"Test that user can login again after logout.","93677","test_logout_and_login_again","tests","2025-12-24","passed","2025-12-24","TestNavigation","test_navigation","",""
"Create a task with minimum required fields and ensure creation completes.","112572","Tasks: Add new task (minimum fields)","tests","2025-12-24","failed","2025-12-24","TestTasksComprehensive","test_tasks_comprehensive","",""
"Test multiple consecutive failed login attempts.","42582","test_multiple_failed_login_attempts","tests","2025-12-24","passed","2025-12-24","TestInvalidLogin","test_invalid_login","",""
"Apply a priority filter and verify task list updates.","22873","Tasks: Priority filter","tests","2025-12-24","passed","2025-12-24","TestTasks","test_tasks","",""
"Test deleting report with confirmation.","17735","test_delete_report_with_confirmation","tests","2025-12-24","passed","2025-12-24","TestReportsComprehensive","test_reports_comprehensive","",""
"Click the reports next page button and verify that the page changes (URL or first item).","17599","Pagination: Reports - Next page","tests","2025-12-24","passed","2025-12-24","TestPaginationComprehensive","test_pagination_comprehensive","",""
"Test create report button opens form.","26142","test_create_report_button_functionality","tests","2025-12-24","skipped","2025-12-24","TestReportsComprehensive","test_reports_comprehensive","",""
"Open a task details view and verify it appears.","21844","Tasks: View details","tests","2025-12-24","passed","2025-12-24","TestTasksComprehensive","test_tasks_comprehensive","",""
"Test that session persists across page interactions.","20154","test_session_persistence_workflow","tests","2025-12-24","passed","2025-12-24","TestEndToEnd","test_end_to_end","",""
"Test that dashboard elements are responsive.","12166","test_dashboard_responsive_elements","tests","2025-12-24","passed","2025-12-24","TestDashboardComprehensive","test_comprehensive_dashboard","",""
"Test canceling settings changes.","17925","test_settings_cancel_functionality","tests","2025-12-23","passed","2025-12-23","TestSettings","test_settings","",""
"Test search is case insensitive.","21572","test_search_case_insensitive","tests","2025-12-24","passed","2025-12-24","TestSearchComprehensive","test_search_comprehensive","",""
"Apply multiple status filters and verify UI remains stable and responsive.","32514","Tasks: Filter by status","tests","2025-12-24","passed","2025-12-24","TestTasksComprehensive","test_tasks_comprehensive","",""
"Test that unauthorized user cannot access tasks section.","43829","test_unauthorized_user_tasks_access","tests","2025-12-24","passed","2025-12-24","TestUnauthorizedAccess","test_unauthorized_access","",""
"Open edit for an existing user, change a field, save, and verify the changes persist in the list or details.","27198","Users: Edit existing user","tests","2025-12-24","passed","2025-12-24","TestUsersCRUDComprehensive","test_users_crud_comprehensive","",""
"Test email format validation.","42940","test_email_format_validation","tests","2025-12-24","passed","2025-12-24","TestDataValidation","test_data_validation","",""
"Test navigation elements on dashboard.","16457","test_dashboard_navigation","tests","2025-12-24","passed","2025-12-24","TestDashboardComprehensive","test_comprehensive_dashboard","",""
"Test editing an existing report.","17691","test_edit_report_functionality","tests","2025-12-24","passed","2025-12-24","TestReportsComprehensive","test_reports_comprehensive","",""
"Navigate settings tabs and perform a profile update action, ensuring no errors.","14478","Workflow: Settings end-to-end","tests","2025-12-24","failed","2025-12-24","TestCompleteWorkflow","test_complete_workflow","",""
"Test full application access for both user types.","7499","test_full_application_access_both_users[kranjith@codezyng.com-test1234]","tests","2025-12-22","passed","2025-12-22","TestCompleteWorkflow","test_complete_workflow","",""
"","1431","test_dashboard_url_blocked_without_login","tests","2025-12-24","passed","2025-12-24","","test_login","",""
"Test password change in security settings.","16106","test_security_settings_password_change","tests","2025-12-23","passed","2025-12-23","TestSettings","test_settings","",""
"Test required field validation.","3591","test_required_field_validation","tests","2025-12-24","passed","2025-12-24","TestDataValidation","test_data_validation","",""
"Tabbing through interactive elements should move focus to focusable controls or the page should expose focusable elements.","5641","Accessibility: Keyboard navigation changes focus","tests","2025-12-24","passed","2025-12-24","TestAccessibility","test_accessibility","",""
"Enter an extremely long email and verify the app handles it gracefully (error or stay on login).","2837","Edge: Extremely long email handling","tests","2025-12-24","passed","2025-12-24","TestEdgeCases","test_edge_cases","",""
"Test that password with different case should fail (password is case-sensitive).","7502","test_password_case_sensitive_mixed_case_should_fail","tests","2025-12-24","passed","2025-12-24","TestUsernamePasswordNormalization","test_username_password_normalization","",""
"Test full workflow for both user types.","7563","test_full_workflow_both_users[shishir@codezyng.com-test1234]","tests","2025-12-22","passed","2025-12-22","TestEndToEnd","test_end_to_end","",""
"Test switching between different user accounts.","83103","test_multiple_user_sessions","tests","2025-12-24","passed","2025-12-24","TestEndToEnd","test_end_to_end","",""
"Test browser caching effectiveness.","3813","test_caching_effectiveness","tests","2025-12-24","passed","2025-12-24","TestPerformance","test_performance","",""
"Test login with SQL injection attempts.","38497","test_login_with_sql_injection_attempt","tests","2025-12-24","passed","2025-12-24","TestInvalidLogin","test_invalid_login","",""
"Test login with various credential combinations.","7485","test_login_with_different_credentials[shashwatrane@codezyng.com--False]","tests","2025-12-24","passed","2025-12-24","TestLoginComprehensive","test_comprehensive_login","",""
"Test various combinations of username and password normalization.","8039","test_various_username_password_combinations[kranjith@codezyng.com-  TEST1234  -False]","tests","2025-12-22","passed","2025-12-22","TestUsernamePasswordNormalization","test_username_password_normalization","",""
"Submit empty email and ensure the app does not navigate to dashboard and shows validation.","2142","Edge: Empty input handling","tests","2025-12-24","passed","2025-12-24","TestEdgeCases","test_edge_cases","",""
"Test that users page loads correctly.","16082","test_users_page_loads","tests","2025-12-24","passed","2025-12-24","TestUsers","test_users","",""
"Test filtering users after adding new user.","27987","test_filter_users_after_adding","tests","2025-12-22","passed","2025-12-22","TestUsersCRUDComprehensive","test_users_crud_comprehensive","",""
"
Dashboard should be reachable after admin login
","19902","test_dashboard_visible_after_admin_login","tests","2025-12-24","broken","2025-12-24","","test_login","",""
"Test that unauthorized user sees restricted navigation.","113456","test_unauthorized_user_navigation_restrictions","tests","2025-12-24","passed","2025-12-24","TestUnauthorizedAccess","test_unauthorized_access","",""
"Submit whitespace-only inputs and verify they are rejected or do not navigate to dashboard.","4460","Edge: Whitespace-only input","tests","2025-12-24","passed","2025-12-24","TestEdgeCases","test_edge_cases","",""
"Test difference between authorized and unauthorized credentials.","11943","test_unauthorized_vs_authorized_credentials","tests","2025-12-24","passed","2025-12-24","TestUnauthorizedAccess","test_unauthorized_access","",""
"If pagination controls exist, navigate and verify the UI responds.","105320","Tasks: Pagination","tests","2025-12-24","passed","2025-12-24","TestTasks","test_tasks","",""
"Verify dashboard displays last-updated timestamp or related text for reviewer clarity.","17831","Dashboard: Last updated info","tests","2025-12-24","passed","2025-12-24","TestDashboardElements","test_dashboard_elements","",""
"Test various combinations of username and password normalization.","4912","test_various_username_password_combinations[  SHASHWATRANE@CODEZYNG.COM  -  test1234  -True]","tests","2025-12-24","passed","2025-12-24","TestUsernamePasswordNormalization","test_username_password_normalization","",""
"
Backend trims spaces and normalizes email case
","17538","test_login_with_trimmed_and_uppercase_email[ kranjith@codezyng.com  -test1234]","tests","2025-12-24","broken","2025-12-24","","test_login","",""
"Test password strength validation.","9055","test_password_strength_validation","tests","2025-12-24","passed","2025-12-24","TestDataValidation","test_data_validation","",""
"Test that unauthorized user cannot access reports section.","43787","test_unauthorized_user_reports_access","tests","2025-12-24","passed","2025-12-24","TestUnauthorizedAccess","test_unauthorized_access","",""
"Test file upload restrictions.","8933","test_file_upload_security","tests","2025-12-24","passed","2025-12-24","TestSecurity","test_security","",""
"Login as admin and navigate to Branches. Expect the branch listing to load (URL or header visible).","18143","Branch: Page loads","tests","2025-12-24","passed","2025-12-24","TestBranch","test_branch","",""
"Verify that paginating updates the browser URL or contains a page query parameter.","16956","Pagination: URL updates on navigation","tests","2025-12-24","passed","2025-12-24","TestPaginationComprehensive","test_pagination_comprehensive","",""
"
Login page should load successfully
","1548","test_login_page_loads","tests","2025-12-24","passed","2025-12-24","","test_login","",""
"Search for tasks and verify the results are filtered or the search input accepts entries.","20602","Tasks: Search filters results","tests","2025-12-24","passed","2025-12-24","TestTasks","test_tasks","",""
"Test dashboard access with both user accounts.","11622","test_dashboard_access_with_both_users[shashwatrane@codezyng.com-test1234]","tests","2025-12-24","passed","2025-12-24","TestDashboardComprehensive","test_comprehensive_dashboard","",""
"Navigate to another page then click First to return to page one (verify by URL or content).","17306","Pagination: First page button","tests","2025-12-24","passed","2025-12-24","TestPaginationComprehensive","test_pagination_comprehensive","",""
"Test that dashboard has all expected elements.","14087","test_dashboard_elements_present","tests","2025-12-24","passed","2025-12-24","TestDashboardComprehensive","test_comprehensive_dashboard","",""
"Verify main content area, page load status, and URL/title for the dashboard page.","17949","Dashboard: Page structure & load","tests","2025-12-24","failed","2025-12-24","TestDashboardElements","test_dashboard_elements","",""
"Test that settings page works after refresh.","16298","test_settings_page_refresh","tests","2025-12-23","passed","2025-12-23","TestSettings","test_settings","",""
"Test settings Security tab.","17642","test_settings_security_tab","tests","2025-12-22","passed","2025-12-22","TestTabsPagesComprehensive","test_tabs_pages_comprehensive","",""
"Test login with invalid email format.","15985","test_login_with_invalid_email","tests","2025-12-24","passed","2025-12-24","TestInvalidLogin","test_invalid_login","",""
"Test numeric field validation.","8909","test_numeric_validation","tests","2025-12-24","passed","2025-12-24","TestDataValidation","test_data_validation","",""
"Test case sensitivity - username is case-insensitive, password is case-sensitive.","28925","test_case_sensitivity_validation","tests","2025-12-24","passed","2025-12-24","TestDataValidation","test_data_validation","",""
"Test special character handling in inputs.","4472","test_special_character_handling","tests","2025-12-24","passed","2025-12-24","TestDataValidation","test_data_validation","",""
"Open a task detail and verify a modal or detail view opens.","21791","Tasks: View task detail","tests","2025-12-24","passed","2025-12-24","TestTasks","test_tasks","",""
"Apply a status filter and verify the task list updates accordingly.","22410","Tasks: Status filter","tests","2025-12-24","passed","2025-12-24","TestTasks","test_tasks","",""
"Test dashboard load performance.","10801","test_dashboard_load_performance","tests","2025-12-24","passed","2025-12-24","TestPerformance","test_performance","",""
"Check whether the 'Create report' control is present for the current user (may vary by permissions).","20165","Reports: Create button presence","tests","2025-12-24","passed","2025-12-24","TestReports","test_reports","",""
"Test login with XSS attack attempts.","29129","test_login_with_xss_attempt","tests","2025-12-24","passed","2025-12-24","TestInvalidLogin","test_invalid_login","",""
"Test open redirect vulnerability.","7935","test_open_redirect_vulnerability","tests","2025-12-24","passed","2025-12-24","TestSecurity","test_security","",""
"Navigate forward until Next is disabled (or not visible) indicating last page reached.","34319","Pagination: Next disabled on last page","tests","2025-12-24","passed","2025-12-24","TestPaginationComprehensive","test_pagination_comprehensive","",""
"Test searching users by email.","21099","test_search_users_by_email","tests","2025-12-24","passed","2025-12-24","TestSearchComprehensive","test_search_comprehensive","",""
"Test login with very long email and password.","8647","test_login_with_very_long_credentials","tests","2025-12-24","passed","2025-12-24","TestInvalidLogin","test_invalid_login","",""
"Test direct URL access to branch page when logged in.","14781","test_branch_direct_url_access","tests","2025-12-24","skipped","2025-12-24","TestBranch","test_branch","",""
"Login as different user roles and verify the user can access at least one major section.","5486","Access: Full app access check for shishir@codezyng.com","tests","2025-12-24","failed","2025-12-24","TestCompleteWorkflow","test_complete_workflow","",""
"Enter Unicode-containing emails and verify the app handles or rejects them cleanly.","3937","Edge: Unicode input handling","tests","2025-12-24","passed","2025-12-24","TestEdgeCases","test_edge_cases","",""
"Test error handling when switching tabs.","18446","test_tab_errors_handling","tests","2025-12-22","passed","2025-12-22","TestTabsPagesComprehensive","test_tabs_pages_comprehensive","",""
"","5517","test_user_login_not_authorized","tests","2025-12-24","passed","2025-12-24","","test_login","",""
"Test login with uppercase email (should be normalized).","4840","test_login_with_uppercase_email","tests","2025-12-24","passed","2025-12-24","TestLoginComprehensive","test_comprehensive_login","",""
"Apply a location filter and verify the branch list updates (count decreases or remains stable).","20327","Branch: Location filter","tests","2025-12-24","skipped","2025-12-24","TestBranch","test_branch","",""
"Trigger a page reload during an in-flight action (login flow) and ensure the app recovers or remains stable.","3315","Edge: Refresh during action","tests","2025-12-24","passed","2025-12-24","TestEdgeCases","test_edge_cases","",""
"Test that dashboard works correctly after page refresh.","20384","test_dashboard_refresh","tests","2025-12-24","passed","2025-12-24","TestDashboardComprehensive","test_comprehensive_dashboard","",""
"Test SQL injection protection in email field.","56981","test_sql_injection_in_login_email","tests","2025-12-24","passed","2025-12-24","TestSecurity","test_security","",""
"
Backend trims spaces and normalizes email case
","18082","test_login_with_trimmed_and_uppercase_email[KRANJITH@CODEZYNG.COM-test1234]","tests","2025-12-24","broken","2025-12-24","","test_login","",""
"Test various combinations of username and password normalization.","4879","test_various_username_password_combinations[  shashwatrane@codezyng.com  -test1234-True]","tests","2025-12-24","passed","2025-12-24","TestUsernamePasswordNormalization","test_username_password_normalization","",""
"Navigate next/previous in tasks pagination and verify UI responds.","191350","Tasks: Pagination","tests","2025-12-24","passed","2025-12-24","TestTasksComprehensive","test_tasks_comprehensive","",""
"Click numeric page buttons (if present) and verify navigation occurs by URL or content change.","14504","Pagination: Click specific page numbers","tests","2025-12-24","passed","2025-12-24","TestPaginationComprehensive","test_pagination_comprehensive","",""
"Navigate to Reports, apply search and date filters, and view a report if present.","21164","Workflow: Reports end-to-end","tests","2025-12-24","passed","2025-12-24","TestCompleteWorkflow","test_complete_workflow","",""
"Test login with various credential combinations.","7498","test_login_with_different_credentials[kranjith@codezyng.com--False]","tests","2025-12-22","passed","2025-12-22","TestLoginComprehensive","test_comprehensive_login","",""
"Test that dashboard works correctly after page refresh.","2435","test_dashboard_refresh","","2025-12-18","passed","2025-12-18","","","",""
"Click branches next page and verify the page changes (URL or first branch row).","14107","Pagination: Branches - Next page","tests","2025-12-24","skipped","2025-12-24","TestPaginationComprehensive","test_pagination_comprehensive","",""
"Ensure the <html> element has a lang attribute so assistive technologies announce content in the correct language.","2652","Accessibility: HTML document specifies language","tests","2025-12-24","passed","2025-12-24","TestAccessibility","test_accessibility","",""
"Open the app at very small and very large viewport sizes and ensure the login form remains accessible.","2762","Edge: Extreme viewport sizes","tests","2025-12-24","passed","2025-12-24","TestEdgeCases","test_edge_cases","",""
"Navigate to main application sections (dashboard, tasks, reports, users, branches, settings) and verify pages load or at least some are accessible.","48183","Workflow: Navigate main application sections","tests","2025-12-24","passed","2025-12-24","TestCompleteWorkflow","test_complete_workflow","",""
"Attempt to set a past due date and verify validation prevents submission or UI shows errors.","114310","Tasks: Due date validation","tests","2025-12-24","passed","2025-12-24","TestTasksComprehensive","test_tasks_comprehensive","",""
"Test that spaces at end of password are trimmed and login succeeds.","4870","test_password_with_spaces_at_end_should_pass","tests","2025-12-24","passed","2025-12-24","TestUsernamePasswordNormalization","test_username_password_normalization","",""
"Check for headings, landmarks, forms, and interactive elements to ensure screen readers can navigate the page.","3562","Accessibility: Page exposes semantic landmarks and interactive elements","tests","2025-12-24","passed","2025-12-24","TestAccessibility","test_accessibility","",""
"Test switching between settings tabs.","15216","test_settings_tabs_switching","tests","2025-12-23","passed","2025-12-23","TestSettings","test_settings","",""
"Pages with multiple landmark regions should provide a skip-to-main link to improve keyboard navigation.","2613","Accessibility: Skip links present on complex pages","tests","2025-12-24","passed","2025-12-24","TestAccessibility","test_accessibility","",""
"Test data displays correctly.","11620","test_data_display","tests","2025-12-24","passed","2025-12-24","TestPositiveCases","test_positive_cases","",""
"Test direct URL access to settings page when logged in.","15298","test_settings_direct_url_access","tests","2025-12-23","skipped","2025-12-23","TestSettings","test_settings","",""
"Navigate to the next branch page and then back to previous, verifying navigation.","245903","Pagination: Branches - Previous page","tests","2025-12-24","failed","2025-12-24","TestPaginationComprehensive","test_pagination_comprehensive","",""
"After successful login, navigate back and ensure the app handles the browser back button without error.","6436","Edge: Browser back button behavior","tests","2025-12-24","passed","2025-12-24","TestEdgeCases","test_edge_cases","",""
"Test saving settings changes.","15190","test_settings_save_functionality","tests","2025-12-23","passed","2025-12-23","TestSettings","test_settings","",""
"Test pagination - selecting specific page number.","16949","test_pagination_page_number_selection","tests","2025-12-24","passed","2025-12-24","TestReportsComprehensive","test_reports_comprehensive","",""
"Navigate directly to /reports while logged in and verify the page loads.","16584","Reports: Direct URL access","tests","2025-12-24","passed","2025-12-24","TestReports","test_reports","",""
"Test page load performance.","1543","test_page_load_performance","tests","2025-12-24","passed","2025-12-24","TestUIElements","test_ui_elements","",""
"Test keyboard navigation between tabs.","18023","test_tab_keyboard_navigation","tests","2025-12-22","passed","2025-12-22","TestTabsPagesComprehensive","test_tabs_pages_comprehensive","",""
"Create a new user with all fields filled and verify it appears in the users list after save.","37838","Users: Create new user with complete form","tests","2025-12-24","passed","2025-12-24","TestUsersCRUDComprehensive","test_users_crud_comprehensive","",""
"Test date field validation.","8841","test_date_validation","tests","2025-12-24","passed","2025-12-24","TestDataValidation","test_data_validation","",""
"Test navigation to all available sections.","29869","test_navigation_to_all_sections","tests","2025-12-24","passed","2025-12-24","TestPositiveCases","test_positive_cases","",""
"Test login with whitespace in email (should be trimmed).","4888","test_login_with_whitespace_in_email","tests","2025-12-24","passed","2025-12-24","TestLoginComprehensive","test_comprehensive_login","",""
"Test various combinations of username and password normalization.","4826","test_various_username_password_combinations[  KRANJITH@CODEZYNG.COM  -test1234-True]","tests","2025-12-22","passed","2025-12-22","TestUsernamePasswordNormalization","test_username_password_normalization","",""
"Test dashboard displays all expected elements.","17953","test_dashboard_displays_correctly","tests","2025-12-24","failed","2025-12-24","TestPositiveCases","test_positive_cases","",""
"Test error recovery in user workflow.","11767","test_error_recovery_workflow","tests","2025-12-24","passed","2025-12-24","TestEndToEnd","test_end_to_end","",""
"Test basic interactions on dashboard page.","10908","test_dashboard_page_interactions","tests","2025-12-24","passed","2025-12-24","TestDashboardComprehensive","test_comprehensive_dashboard","",""
"Test that spaces at beginning of password are trimmed and login succeeds.","4911","test_password_with_spaces_at_beginning_should_pass","tests","2025-12-24","passed","2025-12-24","TestUsernamePasswordNormalization","test_username_password_normalization","",""
"Edit the first branch and save. Verify the save action completes (form closed or updated).","25626","Branch: Edit branch","tests","2025-12-24","passed","2025-12-24","TestBranch","test_branch","",""
"Test login with numeric-only credentials.","3710","test_login_with_numeric_only_credentials","tests","2025-12-24","passed","2025-12-24","TestInvalidLogin","test_invalid_login","",""
"Test handling of large datasets.","8847","test_large_data_handling","tests","2025-12-24","passed","2025-12-24","TestPerformance","test_performance","",""
"Verify area cards and check-in info are present or that page content references check-ins.","13036","Dashboard: Area cards display","tests","2025-12-24","passed","2025-12-24","TestDashboardElements","test_dashboard_elements","",""
"Check whether the 'Create task' control is present for current user.","17279","Tasks: Create button presence","tests","2025-12-24","passed","2025-12-24","TestTasks","test_tasks","",""
"Test page responsiveness to interactions.","11896","test_page_responsiveness","tests","2025-12-24","passed","2025-12-24","TestUIElements","test_ui_elements","",""
"Search for a known term and verify the results count decreases or filters appropriately.","20681","Reports: Search filters results","tests","2025-12-24","passed","2025-12-24","TestReports","test_reports","",""
"Run a few searches and verify search input accepts values and the UI remains stable.","24398","Tasks: Search tasks","tests","2025-12-24","passed","2025-12-24","TestTasksComprehensive","test_tasks_comprehensive","",""
"Test real-time search updates.","27107","test_search_real_time_updates","tests","2025-12-24","passed","2025-12-24","TestSearchComprehensive","test_search_comprehensive","",""
"Test that password with spaces but wrong case should fail (spaces trimmed but case matters).","7655","test_password_with_spaces_but_wrong_case_should_fail","tests","2025-12-24","passed","2025-12-24","TestUsernamePasswordNormalization","test_username_password_normalization","",""
"Edit a task and verify changes persist or UI remains stable.","28041","Tasks: Edit task","tests","2025-12-24","passed","2025-12-24","TestTasks","test_tasks","",""
"Test search with leading/trailing whitespace.","20760","test_search_with_whitespace","tests","2025-12-24","passed","2025-12-24","TestSearchComprehensive","test_search_comprehensive","",""
"Ensure area section or area cards are present to reflect checked-in user distribution.","17877","Dashboard: Areas by checked-in users","tests","2025-12-24","passed","2025-12-24","TestDashboardElements","test_dashboard_elements","",""
"Verify that primary interactive buttons expose either an aria-label or visible text for screen reader users.","3661","Accessibility: Buttons have ARIA labels or visible text","tests","2025-12-24","passed","2025-12-24","TestAccessibility","test_accessibility","",""
"Test various combinations of username and password normalization.","7499","test_various_username_password_combinations[shashwatrane@codezyng.com-TEST1234-False]","tests","2025-12-24","passed","2025-12-24","TestUsernamePasswordNormalization","test_username_password_normalization","",""
"Select a different page size and verify the number of rows displayed does not exceed the selected size.","14036","Pagination: Change items per page","tests","2025-12-24","passed","2025-12-24","TestPaginationComprehensive","test_pagination_comprehensive","",""
"Apply different priority filters and ensure UI responds.","37279","Tasks: Filter by priority","tests","2025-12-24","passed","2025-12-24","TestTasksComprehensive","test_tasks_comprehensive","",""
"Create a new task, refresh, and search to confirm it appears in the list.","117446","Tasks: Add and verify in list","tests","2025-12-24","failed","2025-12-24","TestTasksComprehensive","test_tasks_comprehensive","",""
"Verify tasks table or equivalent layout is visible.","17149","Tasks: Table structure","tests","2025-12-24","passed","2025-12-24","TestTasks","test_tasks","",""
"Test viewing multiple users.","24327","test_view_multiple_users","tests","2025-12-22","passed","2025-12-22","TestUsersCRUDComprehensive","test_users_crud_comprehensive","",""
"Attempt to delete an existing user and ensure a confirmation dialog is presented (dismissed in test to avoid deletion).","20507","Users: Delete user shows confirmation dialog","tests","2025-12-24","failed","2025-12-24","TestUsersCRUDComprehensive","test_users_crud_comprehensive","",""
"Verify the password input is of type 'password' so characters are masked.","3616","Security: Password input is masked by default","tests","2025-12-24","passed","2025-12-24","TestSecurity","test_security","",""
"Open the first report and verify the report detail view appears.","17026","Reports: View report opens detail","tests","2025-12-24","skipped","2025-12-24","TestReports","test_reports","",""
"Test login case sensitivity - username is case-insensitive, password is case-sensitive.","24646","test_login_case_sensitivity","tests","2025-12-24","passed","2025-12-24","TestInvalidLogin","test_invalid_login","",""
"Test that page remains stable during interactions.","17714","test_page_interactions_stability","tests","2025-12-24","passed","2025-12-24","TestUIElements","test_ui_elements","",""
"Inputs should have an associated <label> or aria-label to ensure they are announced by assistive technologies; placeholder text is a fallback.","3288","Accessibility: Form inputs have associated labels or aria-labels","tests","2025-12-24","passed","2025-12-24","TestAccessibility","test_accessibility","",""
"Test login with invalid password.","31942","test_login_with_invalid_password","tests","2025-12-24","passed","2025-12-24","TestInvalidLogin","test_invalid_login","",""
"Test that settings page has all expected elements.","15332","test_settings_page_elements_present","tests","2025-12-23","skipped","2025-12-23","TestSettings","test_settings","",""
"Test login with empty email and password.","11945","test_login_with_empty_credentials","tests","2025-12-24","passed","2025-12-24","TestInvalidLogin","test_invalid_login","",""
"Test smooth user experience throughout.","13369","test_smooth_user_experience","tests","2025-12-24","passed","2025-12-24","TestPositiveCases","test_positive_cases","",""
"Test full workflow for both user types.","7467","test_full_workflow_both_users[shishir@codezyng.com-test12345]","tests","2025-12-24","passed","2025-12-24","TestEndToEnd","test_end_to_end","",""
"Navigate directly to /tasks while logged in and verify the page loads.","17261","Tasks: Direct URL access","tests","2025-12-24","passed","2025-12-24","TestTasks","test_tasks","",""
"Type into the dashboard user search and verify the UI responds (results filter or search input accepts value).","14219","Dashboard: Search users","tests","2025-12-24","passed","2025-12-24","TestDashboardElements","test_dashboard_elements","",""
"Test that appropriate error messages are shown for invalid login.","9667","test_login_error_messages","tests","2025-12-24","passed","2025-12-24","TestInvalidLogin","test_invalid_login","",""
"Test direct dashboard URL access when logged in.","15939","test_dashboard_url_direct_access","tests","2025-12-24","passed","2025-12-24","TestDashboardComprehensive","test_comprehensive_dashboard","",""
"Test sorting reports table columns.","17640","test_reports_table_sorting","tests","2025-12-24","passed","2025-12-24","TestReportsComprehensive","test_reports_comprehensive","",""
"Test that page has a title.","1629","test_page_title_present","tests","2025-12-24","passed","2025-12-24","TestUIElements","test_ui_elements","",""
"Test maximum length validation for input fields.","2658","test_max_length_validation","tests","2025-12-24","skipped","2025-12-24","TestDataValidation","test_data_validation","",""
"Test that tasks page loads correctly.","17615","test_tasks_page_loads","tests","2025-12-24","passed","2025-12-24","TestTasks","test_tasks","",""
"Verify critical form elements remain available and accessible when using a mobile viewport size.","1517","Accessibility: Form controls remain accessible on mobile viewport","tests","2025-12-24","passed","2025-12-24","TestAccessibility","test_accessibility","",""
"Navigate to the next page then back to previous and verify the page changes back (URL or first item).","17199","Pagination: Reports - Previous page","tests","2025-12-24","passed","2025-12-24","TestPaginationComprehensive","test_pagination_comprehensive","",""
"Test skip to main content links.","1816","test_skip_links","","2025-12-23","passed","2025-12-23","","","",""
"Open the details view for an existing user and verify the details panel shows expected fields.","16026","Users: View user details","tests","2025-12-24","passed","2025-12-24","TestUsersCRUDComprehensive","test_users_crud_comprehensive","",""
"Verify cookies that look like session cookies have the 'secure' flag set when applicable in the environment.","9415","Security: Session cookies have secure flags when present","tests","2025-12-24","skipped","2025-12-24","TestSecurity","test_security","",""
"Reload the users page and ensure it remains usable.","20892","Users: Page reload stability","tests","2025-12-24","passed","2025-12-24","TestUsers","test_users","",""
"Navigate directly to /users while logged in and verify the page loads.","17578","Users: Direct URL access","tests","2025-12-24","passed","2025-12-24","TestUsers","test_users","",""
"Test that spaces at beginning of username are trimmed and login succeeds.","5416","test_username_with_spaces_at_beginning_should_pass","tests","2025-12-24","passed","2025-12-24","TestUsernamePasswordNormalization","test_username_password_normalization","",""
"Open a user's detail view and ensure it appears or the UI remains stable.","16083","Users: View user detail","tests","2025-12-24","passed","2025-12-24","TestUsers","test_users","",""
"Test image loading performance.","8814","test_image_load_performance","tests","2025-12-24","passed","2025-12-24","TestPerformance","test_performance","",""
"Test full workflow for both user types.","86873","test_full_workflow_both_users[kranjith@codezyng.com-test1234]","tests","2025-12-22","passed","2025-12-22","TestEndToEnd","test_end_to_end","",""
"Test login with various credential combinations.","7433","test_login_with_different_credentials[shishir@codezyng.com-test12345-False]","tests","2025-12-24","passed","2025-12-24","TestLoginComprehensive","test_comprehensive_login","",""
"Test handling of concurrent requests.","22907","test_concurrent_page_loads","tests","2025-12-24","passed","2025-12-24","TestPerformance","test_performance","",""
"Fill create task form with sample data and verify inputs accept values.","168793","Tasks: Fill create form","tests","2025-12-24","skipped","2025-12-24","TestTasks","test_tasks","",""
"Test that spaces at both ends of password are trimmed and login succeeds.","4903","test_password_with_spaces_at_both_ends_should_pass","tests","2025-12-24","passed","2025-12-24","TestUsernamePasswordNormalization","test_username_password_normalization","",""
"Test login with various credential combinations.","4851","test_login_with_different_credentials[shashwatrane@codezyng.com-test1234-True]","tests","2025-12-24","passed","2025-12-24","TestLoginComprehensive","test_comprehensive_login","",""
"Click Export and assert a download is initiated (CSV or other supported formats). Uses Playwright download capture for robustness.","159285","Reports: Export triggers download","tests","2025-12-24","passed","2025-12-24","TestReports","test_reports","",""
"Test phone number format validation.","9053","test_phone_number_validation","tests","2025-12-24","passed","2025-12-24","TestDataValidation","test_data_validation","",""
"Confirm page loads and contains content so color contrast checks (to be performed by accessibility tools) are meaningful.","3590","Accessibility: Page loads and contains content for contrast checks","tests","2025-12-24","passed","2025-12-24","TestAccessibility","test_accessibility","",""
"Test exporting reports to PDF.","159735","test_export_reports_pdf","tests","2025-12-24","skipped","2025-12-24","TestReportsComprehensive","test_reports_comprehensive","",""
"Test that unauthorized user cannot login to admin portal.","7464","test_unauthorized_user_login_attempt","tests","2025-12-24","passed","2025-12-24","TestUnauthorizedAccess","test_unauthorized_access","",""
"Test that dashboard loads correctly after login.","15821","test_dashboard_loads_after_login","tests","2025-12-24","failed","2025-12-24","TestDashboardComprehensive","test_comprehensive_dashboard","",""
"Attempt delete flow (cancelled) to verify confirmation dialog and UI behavior without destructive change.","20845","Tasks: Delete task (cancelled)","tests","2025-12-24","passed","2025-12-24","TestTasksComprehensive","test_tasks_comprehensive","",""
"Test pagination errors on invalid page access.","11001","test_pagination_errors_on_invalid_page","tests","2025-12-24","passed","2025-12-24","TestReportsComprehensive","test_reports_comprehensive","",""
"Test browser back button after login.","7763","test_back_button_after_login","tests","2025-12-24","passed","2025-12-24","TestNavigation","test_navigation","",""
"Test login with various credential combinations.","11714","test_login_with_different_credentials[-test1234-False]","tests","2025-12-24","passed","2025-12-24","TestLoginComprehensive","test_comprehensive_login","",""
"Create a user, attempt to delete it but cancel the confirmation dialog, then verify the user still exists.","43636","Users: Attempt delete newly added user and cancel","tests","2025-12-24","passed","2025-12-24","TestUsersCRUDComprehensive","test_users_crud_comprehensive","",""
"Test login with whitespace-only credentials.","3641","test_login_with_whitespace_only","tests","2025-12-24","passed","2025-12-24","TestInvalidLogin","test_invalid_login","",""
"Test settings General tab.","17331","test_settings_general_tab","tests","2025-12-22","passed","2025-12-22","TestTabsPagesComprehensive","test_tabs_pages_comprehensive","",""
"Test complete user login flow for unauthorized user.","7520","test_user_login_flow_unauthorized","tests","2025-12-24","passed","2025-12-24","TestLoginComprehensive","test_comprehensive_login","",""
"Simulate quick user interactions (keyboard navigation) and verify the app remains responsive.","9407","Edge: Concurrent user actions","tests","2025-12-24","passed","2025-12-24","TestEdgeCases","test_edge_cases","",""
"Apply a date range filter and verify results are restricted to the range (or at least the UI remains stable).","21832","Reports: Date filter works","tests","2025-12-24","passed","2025-12-24","TestReports","test_reports","",""
"Test dashboard access with both user accounts.","7496","test_dashboard_access_with_both_users[shishir@codezyng.com-test1234]","tests","2025-12-22","passed","2025-12-22","TestDashboardComprehensive","test_comprehensive_dashboard","",""
"Test tab content persists when switching.","17706","test_tab_content_persistence","tests","2025-12-22","passed","2025-12-22","TestTabsPagesComprehensive","test_tabs_pages_comprehensive","",""
"Apply a role filter and ensure users list updates.","19237","Users: Role filter","tests","2025-12-24","passed","2025-12-24","TestUsers","test_users","",""
"Test search with no results.","20790","test_search_empty_results","tests","2025-12-24","passed","2025-12-24","TestSearchComprehensive","test_search_comprehensive","",""
"Test that create branch button is visible.","17061","test_create_branch_button_visible","tests","2025-12-24","passed","2025-12-24","TestBranch","test_branch","",""
"Test that all settings tabs are accessible.","16148","test_all_settings_tabs_accessible","tests","2025-12-23","passed","2025-12-23","TestSettings","test_settings","",""
"Check whether the 'Create user' control is present for current user.","15121","Users: Create button presence","tests","2025-12-24","passed","2025-12-24","TestUsers","test_users","",""
"Test various combinations of username and password normalization.","4802","test_various_username_password_combinations[kranjith@codezyng.com-  test1234  -True]","tests","2025-12-22","passed","2025-12-22","TestUsernamePasswordNormalization","test_username_password_normalization","",""
"Test searching for a newly added user.","21175","test_search_newly_added_user","tests","2025-12-22","passed","2025-12-22","TestUsersCRUDComprehensive","test_users_crud_comprehensive","",""
"Verify the Tasks page header and essential UI elements are present.","22738","Tasks: Page elements visible","tests","2025-12-24","passed","2025-12-24","TestTasks","test_tasks","",""
"Simulate rapid clicks on the login Next button and ensure the UI remains stable or shows validation.","123839","Edge: Rapid button clicks","tests","2025-12-24","passed","2025-12-24","TestEdgeCases","test_edge_cases","",""
"Test that User Live Approx. Location section is present.","87243","test_user_location_section_present","","2025-12-22","passed","2025-12-22","","","",""
"Test reports table columns are visible.","17043","test_reports_table_column_visibility","tests","2025-12-24","skipped","2025-12-24","TestReportsComprehensive","test_reports_comprehensive","",""
"Click users next page and verify navigation by URL or first user row change.","15897","Pagination: Users - Next page","tests","2025-12-24","passed","2025-12-24","TestPaginationComprehensive","test_pagination_comprehensive","",""
"Test full workflow for both user types.","83700","test_full_workflow_both_users[shashwatrane@codezyng.com-test1234]","tests","2025-12-24","passed","2025-12-24","TestEndToEnd","test_end_to_end","",""
"Test successful login with valid admin credentials.","4826","test_successful_login_with_valid_credentials","tests","2025-12-24","passed","2025-12-24","TestPositiveCases","test_positive_cases","",""
"Test various combinations of username and password normalization.","4882","test_various_username_password_combinations[  SHASHWATRANE@CODEZYNG.COM  -test1234-True]","tests","2025-12-24","passed","2025-12-24","TestUsernamePasswordNormalization","test_username_password_normalization","",""
"Apply status filter and verify the list updates.","19093","Users: Status filter","tests","2025-12-24","passed","2025-12-24","TestUsers","test_users","",""
"Open create branch form and cancel; verify the form closes or disappears.","24932","Branch: Cancel create form","tests","2025-12-24","passed","2025-12-24","TestBranch","test_branch","",""
"Test that spaces at end of username are trimmed and login succeeds.","5533","test_username_with_spaces_at_end_should_pass","tests","2025-12-24","passed","2025-12-24","TestUsernamePasswordNormalization","test_username_password_normalization","",""
"Test form validation on login.","5696","test_form_validation","tests","2025-12-24","passed","2025-12-24","TestUIElements","test_ui_elements","",""
"Test path traversal attack prevention.","8860","test_path_traversal_attempts","tests","2025-12-24","passed","2025-12-24","TestSecurity","test_security","",""
"Test searching users by name.","20445","test_search_users_by_name","tests","2025-12-24","passed","2025-12-24","TestSearchComprehensive","test_search_comprehensive","",""
"Test breadcrumb navigation if available.","9673","test_breadcrumb_navigation","tests","2025-12-22","passed","2025-12-22","TestTabsPagesComprehensive","test_tabs_pages_comprehensive","",""
"Create a user using only the minimum required fields (email, password) and verify it appears in the list.","25443","Users: Create user with minimum required fields","tests","2025-12-24","passed","2025-12-24","TestUsersCRUDComprehensive","test_users_crud_comprehensive","",""
"Perform a search, then paginate results and ensure navigation occurs without error.","17484","Pagination: Works with search","tests","2025-12-24","passed","2025-12-24","TestPaginationComprehensive","test_pagination_comprehensive","",""
"Edit a user and save; verify the system remains stable or reflects changes.","23176","Users: Edit user","tests","2025-12-24","passed","2025-12-24","TestUsers","test_users","",""
"On the first page, the Previous control should be disabled or not visible.","14058","Pagination: Previous disabled on first page","tests","2025-12-24","passed","2025-12-24","TestPaginationComprehensive","test_pagination_comprehensive","",""
"Dashboard should be visible after login.","19931","test_dashboard_visible_after_login","tests","2025-12-24","broken","2025-12-24","","test_dashboard","",""
"Test that unauthorized user cannot access users management.","43852","test_unauthorized_user_users_access","tests","2025-12-24","passed","2025-12-24","TestUnauthorizedAccess","test_unauthorized_access","",""
"Test various combinations of username and password normalization.","5561","test_various_username_password_combinations[  kranjith@codezyng.com  -test1234-True]","tests","2025-12-22","passed","2025-12-22","TestUsernamePasswordNormalization","test_username_password_normalization","",""
"Test that both username and password with spaces are trimmed and login succeeds.","4794","test_username_password_both_with_spaces_should_pass","tests","2025-12-24","passed","2025-12-24","TestUsernamePasswordNormalization","test_username_password_normalization","",""
"Apply a filter and then paginate the filtered results, verifying navigation works.","18242","Pagination: Works with filters","tests","2025-12-24","passed","2025-12-24","TestPaginationComprehensive","test_pagination_comprehensive","",""
"Test search with special characters.","21313","test_search_with_special_characters","tests","2025-12-24","passed","2025-12-24","TestSearchComprehensive","test_search_comprehensive","",""
"Test multiple successful login sessions.","13630","test_multiple_successful_logins","tests","2025-12-24","passed","2025-12-24","TestPositiveCases","test_positive_cases","",""
"Login as different user roles and verify the user can access at least one major section.","27257","Access: Full app access check for shashwatrane@codezyng.com","tests","2025-12-24","passed","2025-12-24","TestCompleteWorkflow","test_complete_workflow","",""
"Test login with special characters.","11097","test_login_with_special_characters","tests","2025-12-24","passed","2025-12-24","TestInvalidLogin","test_invalid_login","",""
"Attempt to submit an empty branch form and verify validation prevents submission or shows errors.","24237","Branch: Form validation","tests","2025-12-24","passed","2025-12-24","TestBranch","test_branch","",""
"Open Create Branch form, fill with sample data, and verify input values are present.","44439","Branch: Fill create form","tests","2025-12-24","passed","2025-12-24","TestBranch","test_branch","",""
"Test page refresh maintains user state.","13211","test_page_refresh_maintains_state","tests","2025-12-24","passed","2025-12-24","TestPositiveCases","test_positive_cases","",""
"Test that unauthorized user cannot access dashboard via direct URL.","3559","test_unauthorized_user_direct_dashboard_access","tests","2025-12-24","passed","2025-12-24","TestUnauthorizedAccess","test_unauthorized_access","",""
"Test that login page remains accessible after failed login.","12807","test_login_page_stays_accessible_after_failed_login","tests","2025-12-24","passed","2025-12-24","TestInvalidLogin","test_invalid_login","",""
"Open create user form and verify required elements are present.","23971","Users: Create form elements","tests","2025-12-24","passed","2025-12-24","TestUsers","test_users","",""
"Test logout functionality.","92047","test_logout_functionality","tests","2025-12-24","passed","2025-12-24","TestNavigation","test_navigation","",""
"Verify one or more metric cards (Active Users, Checked In/Out) are visible to confirm dashboard content loaded.","15843","Dashboard: Key metric cards visible","tests","2025-12-24","passed","2025-12-24","TestDashboardElements","test_dashboard_elements","",""
"Test various combinations of username and password normalization.","4865","test_various_username_password_combinations[SHASHWATRANE@CODEZYNG.COM-test1234-True]","tests","2025-12-24","passed","2025-12-24","TestUsernamePasswordNormalization","test_username_password_normalization","",""
"Check forms for common CSRF hidden fields (csrf, csrf_token) and verify they contain values when present; otherwise skip.","1618","Security: CSRF token fields present when applicable","tests","2025-12-24","skipped","2025-12-24","TestSecurity","test_security","",""
"Test create branch form elements.","170390","test_create_branch_form_elements","tests","2025-12-24","skipped","2025-12-24","TestBranch","test_branch","",""
"After submitting invalid credentials, the page should surface accessible error notifications via ARIA or visible text.","10692","Accessibility: Error messages are announced and visible","tests","2025-12-24","passed","2025-12-24","TestAccessibility","test_accessibility","",""
"Test switching between all settings tabs.","18573","test_switching_between_all_settings_tabs","tests","2025-12-22","passed","2025-12-22","TestTabsPagesComprehensive","test_tabs_pages_comprehensive","",""
"Test successful login with second admin account.","4925","test_successful_login_second_admin","tests","2025-12-22","passed","2025-12-22","TestPositiveCases","test_positive_cases","",""
"Attempt to load the page with longer timeout and ensure the app handles slow networks gracefully (no crash).","1979","Edge: Network timeout handling","tests","2025-12-24","passed","2025-12-24","TestEdgeCases","test_edge_cases","",""
"Test that session persists after login.","5017","test_session_persistence","tests","2025-12-24","passed","2025-12-24","TestLoginComprehensive","test_comprehensive_login","",""
"Test various combinations of username and password normalization.","7473","test_various_username_password_combinations[kranjith@codezyng.com-TEST1234-False]","tests","2025-12-22","passed","2025-12-22","TestUsernamePasswordNormalization","test_username_password_normalization","",""
"Navigate to Branches, perform search/filter and view a branch when available.","22149","Workflow: Branch management end-to-end","tests","2025-12-24","passed","2025-12-24","TestCompleteWorkflow","test_complete_workflow","",""
"If pagination exists, navigate to next page and ensure the UI responds.","134115","Branch: Pagination","tests","2025-12-24","passed","2025-12-24","TestBranch","test_branch","",""
"Check that dashboard contains numeric data (user counts, metrics) to ensure it's populated.","13939","Dashboard: Data presence","tests","2025-12-24","passed","2025-12-24","TestDashboardElements","test_dashboard_elements","",""
"Create a task with full details and verify it appears in the list or that creation succeeds without errors.","121111","Tasks: Add new task (complete details)","tests","2025-12-24","failed","2025-12-24","TestTasksComprehensive","test_tasks_comprehensive","",""
"Test settings Notifications tab.","17351","test_settings_notifications_tab","tests","2025-12-22","passed","2025-12-22","TestTabsPagesComprehensive","test_tabs_pages_comprehensive","",""
"Test that username in uppercase should pass (case-insensitive, auto-converted to lowercase).","4869","test_username_uppercase_should_pass","tests","2025-12-24","passed","2025-12-24","TestUsernamePasswordNormalization","test_username_password_normalization","",""
"Click the refresh control and ensure dashboard remains loaded post-refresh.","17981","Dashboard: Refresh button","tests","2025-12-24","passed","2025-12-24","TestDashboardElements","test_dashboard_elements","",""
"Test pagination - next page.","20726","test_pagination_next_page","tests","2025-12-24","passed","2025-12-24","TestReportsComprehensive","test_reports_comprehensive","",""
"Test that branch page works after refresh.","23251","test_branch_page_refresh","tests","2025-12-24","passed","2025-12-24","TestBranch","test_branch","",""
"Navigate to pages expected to carry large payloads (dashboard) and ensure the UI remains responsive.","8788","Edge: Large payload handling","tests","2025-12-24","passed","2025-12-24","TestEdgeCases","test_edge_cases","",""
"Test filtering reports by specific date.","23874","test_filter_reports_by_specific_date","tests","2025-12-24","passed","2025-12-24","TestReportsComprehensive","test_reports_comprehensive","",""
"Test pagination - previous page.","20625","test_pagination_previous_page","tests","2025-12-24","passed","2025-12-24","TestReportsComprehensive","test_reports_comprehensive","",""
"Test various combinations of username and password normalization.","5326","test_various_username_password_combinations[  KRANJITH@CODEZYNG.COM  -  test1234  -True]","tests","2025-12-22","passed","2025-12-22","TestUsernamePasswordNormalization","test_username_password_normalization","",""
"Test complete user journey for admin user.","15979","test_complete_user_journey_admin","tests","2025-12-24","failed","2025-12-24","TestEndToEnd","test_end_to_end","",""
"Test that dashboard content is visible.","12978","test_dashboard_content_visibility","tests","2025-12-24","passed","2025-12-24","TestUIElements","test_ui_elements","",""
"Test that branch page has all expected elements.","22067","test_branch_page_elements_present","tests","2025-12-24","passed","2025-12-24","TestBranch","test_branch","",""
"Test that direct dashboard access is blocked without login.","3046","test_direct_dashboard_access_blocked","tests","2025-12-24","passed","2025-12-24","TestLoginComprehensive","test_comprehensive_login","",""
"Test rate limiting on multiple failed login attempts.","73658","test_rate_limiting_on_failed_logins","tests","2025-12-24","passed","2025-12-24","TestSecurity","test_security","",""
"Open create user form and click save without required fields. Expect validation errors to be shown.","22761","Users: Form validation shows errors on save without required fields","tests","2025-12-24","failed","2025-12-24","TestUsersCRUDComprehensive","test_users_crud_comprehensive","",""
"Test login response time.","5462","test_login_response_time","tests","2025-12-24","passed","2025-12-24","TestPerformance","test_performance","",""
"Test general settings functionality.","15550","test_general_settings","tests","2025-12-23","passed","2025-12-23","TestSettings","test_settings","",""
"Test button click functionality.","3639","test_button_clicks","tests","2025-12-24","passed","2025-12-24","TestUIElements","test_ui_elements","",""
"Test deleting a report.","43461","test_delete_report_functionality","","2025-12-19","passed","2025-12-19","","","",""
"Test that unauthorized user cannot access branch management.","43769","test_unauthorized_user_branch_access","tests","2025-12-24","passed","2025-12-24","TestUnauthorizedAccess","test_unauthorized_access","",""
"If pagination controls exist, navigate to next page and verify page content updates.","18970","Reports: Pagination navigates pages","tests","2025-12-24","passed","2025-12-24","TestReports","test_reports","",""
"Click tasks next and verify the first row or URL changes to indicate navigation.","14102","Pagination: Tasks - Next page","tests","2025-12-24","skipped","2025-12-24","TestPaginationComprehensive","test_pagination_comprehensive","",""
"Test login with completely wrong credentials.","38406","test_login_with_wrong_credentials","tests","2025-12-24","passed","2025-12-24","TestInvalidLogin","test_invalid_login","",""
"Complete a task via actions or edit and verify the status changes or UI remains stable.","35200","Tasks: Complete task","tests","2025-12-24","passed","2025-12-24","TestTasksComprehensive","test_tasks_comprehensive","",""
"Test input field functionality.","1609","test_input_fields_functionality","tests","2025-12-24","passed","2025-12-24","TestUIElements","test_ui_elements","",""
"Verify that images include an alt attribute (can be empty for decorative images) so they are readable by screen readers.","11818","Accessibility: Images provide alt attributes when present","tests","2025-12-24","passed","2025-12-24","TestAccessibility","test_accessibility","",""
"Test page load performance.","1528","test_page_load_time","tests","2025-12-24","passed","2025-12-24","TestPerformance","test_performance","",""
"Test updating profile settings.","15384","test_profile_settings_update","tests","2025-12-23","passed","2025-12-23","TestSettings","test_settings","",""
"Test viewing report details.","17182","test_view_report_details","tests","2025-12-24","passed","2025-12-24","TestReportsComprehensive","test_reports_comprehensive","",""
"Test that dashboard content loads properly.","19933","test_dashboard_content_loading","tests","2025-12-24","passed","2025-12-24","TestDashboardComprehensive","test_comprehensive_dashboard","",""
"Test Unicode character handling.","5724","test_unicode_character_handling","tests","2025-12-24","passed","2025-12-24","TestDataValidation","test_data_validation","",""
"Test that whitespace is trimmed from username and password (both should pass after trimming).","9341","test_whitespace_trimming","tests","2025-12-24","passed","2025-12-24","TestDataValidation","test_data_validation","",""
"Test logout works correctly.","80245","test_logout_functionality","tests","2025-12-24","passed","2025-12-24","TestPositiveCases","test_positive_cases","",""
"Test API response times.","5009","test_api_response_time","tests","2025-12-24","passed","2025-12-24","TestPerformance","test_performance","",""
"Test that username in uppercase with spaces should pass (both trimmed and case-normalized).","4921","test_username_uppercase_with_spaces_should_pass","tests","2025-12-24","passed","2025-12-24","TestUsernamePasswordNormalization","test_username_password_normalization","",""
"Open the first branch's view action and verify a detail view or modal appears (or page remains stable).","19282","Branch: View branch detail","tests","2025-12-24","passed","2025-12-24","TestBranch","test_branch","",""
"Edit a task's fields and save; verify UI remains stable or updates.","35953","Tasks: Edit existing task","tests","2025-12-24","passed","2025-12-24","TestTasksComprehensive","test_tasks_comprehensive","",""
"
Admin credentials should be able to access dashboard
","4908","test_admin_login_success","tests","2025-12-24","passed","2025-12-24","","test_login","",""
"Test login with various credential combinations.","17518","test_login_with_different_credentials[kranjith@codezyng.com-test1234-True]","tests","2025-12-22","broken","2025-12-22","TestLoginComprehensive","test_comprehensive_login","",""
"Test various combinations of username and password normalization.","5395","test_various_username_password_combinations[KRANJITH@CODEZYNG.COM-test1234-True]","tests","2025-12-22","passed","2025-12-22","TestUsernamePasswordNormalization","test_username_password_normalization","",""
"Test branch table structure.","17074","test_branch_table_structure","tests","2025-12-24","passed","2025-12-24","TestBranch","test_branch","",""
"Test different dashboard views if available.","11307","test_dashboard_different_views","tests","2025-12-22","passed","2025-12-22","TestTabsPagesComprehensive","test_tabs_pages_comprehensive","",""
"Search for a branch name and verify the displayed list is filtered (count decreases or remains consistent).","21009","Branch: Search filters results","tests","2025-12-24","passed","2025-12-24","TestBranch","test_branch","",""
