"Status","Start Time","Stop Time","Duration in ms","Parent Suite","Suite","Sub Suite","Test Class","Test Method","Name","Description"
"broken","Wed Dec 24 10:03:19 UTC 2025","Wed Dec 24 10:03:19 UTC 2025","0","tests","test_login","","","","test_dashboard_url_blocked_without_login",""
"broken","Wed Dec 24 10:03:51 UTC 2025","Wed Dec 24 10:03:51 UTC 2025","0","tests","test_reports_comprehensive","TestReportsComprehensive","","","test_reports_table_sorting","Test sorting reports table columns."
"broken","Wed Dec 24 10:03:53 UTC 2025","Wed Dec 24 10:03:53 UTC 2025","0","tests","test_reports_comprehensive","TestReportsComprehensive","","","test_delete_report_functionality","Test deleting a report."
"broken","Wed Dec 24 10:04:49 UTC 2025","Wed Dec 24 10:04:49 UTC 2025","0","tests","test_users_crud_comprehensive","TestUsersCRUDComprehensive","","","test_view_user_details","Test viewing user details."
"broken","Wed Dec 24 10:02:51 UTC 2025","Wed Dec 24 10:02:51 UTC 2025","0","tests","test_dashboard_elements","TestDashboardElements","","","test_area_cards_displayed","Test that area cards are displayed with check-in information."
"broken","Wed Dec 24 10:04:12 UTC 2025","Wed Dec 24 10:04:12 UTC 2025","0","tests","test_tasks","TestTasks","","","test_tasks_pagination","Test pagination on tasks page."
"broken","Wed Dec 24 10:02:49 UTC 2025","Wed Dec 24 10:02:49 UTC 2025","0","tests","test_dashboard_elements","TestDashboardElements","","","test_last_updated_display","Test that last updated time is displayed."
"broken","Wed Dec 24 10:02:45 UTC 2025","Wed Dec 24 10:02:45 UTC 2025","0","tests","test_comprehensive_login","TestLoginComprehensive","","","test_login_with_uppercase_email","Test login with uppercase email (should be normalized)."
"broken","Wed Dec 24 10:03:07 UTC 2025","Wed Dec 24 10:03:07 UTC 2025","0","tests","test_end_to_end","TestEndToEnd","","","test_error_recovery_workflow","Test error recovery in user workflow."
"broken","Wed Dec 24 10:03:15 UTC 2025","Wed Dec 24 10:03:15 UTC 2025","0","tests","test_invalid_login","TestInvalidLogin","","","test_login_page_stays_accessible_after_failed_login","Test that login page remains accessible after failed login."
"broken","Wed Dec 24 10:04:32 UTC 2025","Wed Dec 24 10:04:32 UTC 2025","0","tests","test_username_password_normalization","TestUsernamePasswordNormalization","","","test_password_with_spaces_at_both_ends_should_pass","Test that spaces at both ends of password are trimmed and login succeeds."
"broken","Wed Dec 24 10:04:52 UTC 2025","Wed Dec 24 10:04:52 UTC 2025","0","tests","test_users_crud_comprehensive","TestUsersCRUDComprehensive","","","test_user_form_validation_on_save","Test form validation when saving user."
"broken","Wed Dec 24 10:04:26 UTC 2025","Wed Dec 24 10:04:26 UTC 2025","0","tests","test_unauthorized_access","TestUnauthorizedAccess","","","test_unauthorized_user_reports_access","Test that unauthorized user cannot access reports section."
"broken","Wed Dec 24 10:02:31 UTC 2025","Wed Dec 24 10:02:31 UTC 2025","0","tests","test_complete_workflow","TestCompleteWorkflow","","","test_complete_user_management_workflow","Test complete user management workflow."
"broken","Wed Dec 24 10:03:20 UTC 2025","Wed Dec 24 10:03:20 UTC 2025","0","tests","test_navigation","TestNavigation","","","test_logout_functionality","Test logout functionality."
"broken","Wed Dec 24 10:02:33 UTC 2025","Wed Dec 24 10:02:33 UTC 2025","0","tests","test_complete_workflow","TestCompleteWorkflow","","","test_multi_section_workflow","Test workflow across multiple sections."
"broken","Wed Dec 24 10:04:18 UTC 2025","Wed Dec 24 10:04:18 UTC 2025","0","tests","test_tasks_comprehensive","TestTasksComprehensive","","","test_filter_tasks_by_priority","Test filtering tasks by priority."
"broken","Wed Dec 24 10:03:06 UTC 2025","Wed Dec 24 10:03:06 UTC 2025","0","tests","test_end_to_end","TestEndToEnd","","","test_multiple_user_sessions","Test switching between different user accounts."
"broken","Wed Dec 24 10:04:07 UTC 2025","Wed Dec 24 10:04:07 UTC 2025","0","tests","test_tasks","TestTasks","","","test_tasks_search_functionality","Test search functionality on tasks page."
"broken","Wed Dec 24 10:02:47 UTC 2025","Wed Dec 24 10:02:47 UTC 2025","0","tests","test_dashboard_elements","TestDashboardElements","","","test_dashboard_key_metrics_displayed","Test that key metrics cards are displayed on dashboard."
"broken","Wed Dec 24 10:02:58 UTC 2025","Wed Dec 24 10:02:58 UTC 2025","0","tests","test_edge_cases","TestEdgeCases","","","test_extremely_long_email","Test handling of extremely long email addresses."
"broken","Wed Dec 24 10:03:05 UTC 2025","Wed Dec 24 10:03:05 UTC 2025","0","tests","test_edge_cases","TestEdgeCases","","","test_session_expiry_handling","Test session expiry handling."
"broken","Wed Dec 24 10:03:37 UTC 2025","Wed Dec 24 10:03:37 UTC 2025","0","tests","test_positive_cases","TestPositiveCases","","","test_form_submission","Test form submission works correctly."
"broken","Wed Dec 24 10:03:24 UTC 2025","Wed Dec 24 10:03:24 UTC 2025","0","tests","test_pagination_comprehensive","TestPaginationComprehensive","","","test_branch_pagination_next_page","Test branch pagination - next page."
"broken","Wed Dec 24 10:02:57 UTC 2025","Wed Dec 24 10:02:57 UTC 2025","0","tests","test_data_validation","TestDataValidation","","","test_whitespace_trimming","Test that whitespace is trimmed from username and password (both should pass after trimming)."
"broken","Wed Dec 24 10:04:15 UTC 2025","Wed Dec 24 10:04:15 UTC 2025","0","tests","test_tasks_comprehensive","TestTasksComprehensive","","","test_edit_task","Test editing an existing task."
"broken","Wed Dec 24 10:04:24 UTC 2025","Wed Dec 24 10:04:24 UTC 2025","0","tests","test_ui_elements","TestUIElements","","","test_page_interactions_stability","Test that page remains stable during interactions."
"broken","Wed Dec 24 10:04:33 UTC 2025","Wed Dec 24 10:04:33 UTC 2025","0","tests","test_username_password_normalization","TestUsernamePasswordNormalization","","","test_username_password_both_with_spaces_should_pass","Test that both username and password with spaces are trimmed and login succeeds."
"broken","Wed Dec 24 10:04:03 UTC 2025","Wed Dec 24 10:04:03 UTC 2025","0","tests","test_security","TestSecurity","","","test_sensitive_data_in_url","Test that sensitive data is not exposed in URL."
"broken","Wed Dec 24 10:02:23 UTC 2025","Wed Dec 24 10:02:23 UTC 2025","0","tests","test_branch","TestBranch","","","test_branch_page_loads","Test that branch page loads correctly."
"broken","Wed Dec 24 10:04:36 UTC 2025","Wed Dec 24 10:04:36 UTC 2025","0","tests","test_username_password_normalization","TestUsernamePasswordNormalization","","","test_password_with_spaces_but_wrong_case_should_fail","Test that password with spaces but wrong case should fail (spaces trimmed but case matters)."
"broken","Wed Dec 24 10:03:47 UTC 2025","Wed Dec 24 10:03:47 UTC 2025","0","tests","test_reports_comprehensive","TestReportsComprehensive","","","test_filter_reports_by_specific_date","Test filtering reports by specific date."
"broken","Wed Dec 24 10:04:38 UTC 2025","Wed Dec 24 10:04:38 UTC 2025","0","tests","test_username_password_normalization","TestUsernamePasswordNormalization","","","test_various_username_password_combinations[shashwatrane@codezyng.com-  test1234  -True]","Test various combinations of username and password normalization."
"broken","Wed Dec 24 10:02:27 UTC 2025","Wed Dec 24 10:02:27 UTC 2025","0","tests","test_branch","TestBranch","","","test_edit_branch_functionality","Test editing a branch."
"broken","Wed Dec 24 10:02:22 UTC 2025","Wed Dec 24 10:02:22 UTC 2025","0","tests","test_accessibility","TestAccessibility","","","test_language_attribute","Test language attribute on HTML."
"broken","Wed Dec 24 10:03:12 UTC 2025","Wed Dec 24 10:03:12 UTC 2025","0","tests","test_invalid_login","TestInvalidLogin","","","test_login_with_special_characters","Test login with special characters."
"broken","Wed Dec 24 10:04:51 UTC 2025","Wed Dec 24 10:04:51 UTC 2025","0","tests","test_users_crud_comprehensive","TestUsersCRUDComprehensive","","","test_cancel_user_creation","Test canceling user creation form."
"broken","Wed Dec 24 10:03:00 UTC 2025","Wed Dec 24 10:03:00 UTC 2025","0","tests","test_edge_cases","TestEdgeCases","","","test_empty_string_handling","Test empty string handling."
"broken","Wed Dec 24 10:04:22 UTC 2025","Wed Dec 24 10:04:22 UTC 2025","0","tests","test_ui_elements","TestUIElements","","","test_button_clicks","Test button click functionality."
"broken","Wed Dec 24 10:03:32 UTC 2025","Wed Dec 24 10:03:32 UTC 2025","0","tests","test_performance","TestPerformance","","","test_concurrent_page_loads","Test handling of concurrent requests."
"broken","Wed Dec 24 10:04:50 UTC 2025","Wed Dec 24 10:04:50 UTC 2025","0","tests","test_users_crud_comprehensive","TestUsersCRUDComprehensive","","","test_delete_newly_added_user","Test deleting a newly added user (cancel deletion)."
"broken","Wed Dec 24 10:03:52 UTC 2025","Wed Dec 24 10:03:52 UTC 2025","0","tests","test_reports_comprehensive","TestReportsComprehensive","","","test_create_report_button_functionality","Test create report button opens form."
"broken","Wed Dec 24 10:03:36 UTC 2025","Wed Dec 24 10:03:36 UTC 2025","0","tests","test_positive_cases","TestPositiveCases","","","test_report_generation","Test report generation functionality."
"broken","Wed Dec 24 10:03:40 UTC 2025","Wed Dec 24 10:03:40 UTC 2025","0","tests","test_positive_cases","TestPositiveCases","","","test_all_features_accessible","Test all features are accessible after login."
"broken","Wed Dec 24 10:03:33 UTC 2025","Wed Dec 24 10:03:33 UTC 2025","0","tests","test_performance","TestPerformance","","","test_large_data_handling","Test handling of large datasets."
"broken","Wed Dec 24 10:02:47 UTC 2025","Wed Dec 24 10:02:47 UTC 2025","0","tests","test_dashboard","","","","test_dashboard_visible_after_login","Dashboard should be visible after login."
"broken","Wed Dec 24 10:03:37 UTC 2025","Wed Dec 24 10:03:37 UTC 2025","0","tests","test_positive_cases","TestPositiveCases","","","test_data_display","Test data displays correctly."
"broken","Wed Dec 24 10:04:26 UTC 2025","Wed Dec 24 10:04:26 UTC 2025","0","tests","test_unauthorized_access","TestUnauthorizedAccess","","","test_unauthorized_user_users_access","Test that unauthorized user cannot access users management."
"broken","Wed Dec 24 10:02:28 UTC 2025","Wed Dec 24 10:02:28 UTC 2025","0","tests","test_branch","TestBranch","","","test_branch_pagination","Test pagination on branch page."
"broken","Wed Dec 24 10:04:00 UTC 2025","Wed Dec 24 10:04:00 UTC 2025","0","tests","test_search_comprehensive","TestSearchComprehensive","","","test_search_real_time_updates","Test real-time search updates."
"broken","Wed Dec 24 10:04:28 UTC 2025","Wed Dec 24 10:04:28 UTC 2025","0","tests","test_unauthorized_access","TestUnauthorizedAccess","","","test_unauthorized_user_redirect_after_login","Test where unauthorized user is redirected after login attempt."
"broken","Wed Dec 24 10:04:21 UTC 2025","Wed Dec 24 10:04:21 UTC 2025","0","tests","test_ui_elements","TestUIElements","","","test_page_url_structure","Test page URL structure."
"broken","Wed Dec 24 10:03:11 UTC 2025","Wed Dec 24 10:03:11 UTC 2025","0","tests","test_invalid_login","TestInvalidLogin","","","test_login_with_xss_attempt","Test login with XSS attack attempts."
"broken","Wed Dec 24 10:02:56 UTC 2025","Wed Dec 24 10:02:56 UTC 2025","0","tests","test_data_validation","TestDataValidation","","","test_date_validation","Test date field validation."
"broken","Wed Dec 24 10:02:41 UTC 2025","Wed Dec 24 10:02:41 UTC 2025","0","tests","test_comprehensive_login","TestLoginComprehensive","","","test_login_with_different_credentials[shashwatrane@codezyng.com-test1234-True]","Test login with various credential combinations."
"broken","Wed Dec 24 10:03:07 UTC 2025","Wed Dec 24 10:03:07 UTC 2025","0","tests","test_end_to_end","TestEndToEnd","","","test_session_persistence_workflow","Test that session persists across page interactions."
"broken","Wed Dec 24 10:03:51 UTC 2025","Wed Dec 24 10:03:51 UTC 2025","0","tests","test_reports_comprehensive","TestReportsComprehensive","","","test_reports_table_column_visibility","Test reports table columns are visible."
"broken","Wed Dec 24 10:03:34 UTC 2025","Wed Dec 24 10:03:34 UTC 2025","0","tests","test_performance","TestPerformance","","","test_caching_effectiveness","Test browser caching effectiveness."
"broken","Wed Dec 24 10:04:53 UTC 2025","Wed Dec 24 10:04:53 UTC 2025","0","tests","test_users_crud_comprehensive","TestUsersCRUDComprehensive","","","test_view_multiple_users","Test viewing multiple users."
"broken","Wed Dec 24 10:03:57 UTC 2025","Wed Dec 24 10:03:57 UTC 2025","0","tests","test_search_comprehensive","TestSearchComprehensive","","","test_search_with_special_characters","Test search with special characters."
"broken","Wed Dec 24 10:03:09 UTC 2025","Wed Dec 24 10:03:09 UTC 2025","0","tests","test_invalid_login","TestInvalidLogin","","","test_login_with_invalid_email","Test login with invalid email format."
"broken","Wed Dec 24 10:02:34 UTC 2025","Wed Dec 24 10:02:34 UTC 2025","0","tests","test_complete_workflow","TestCompleteWorkflow","","","test_full_application_access_both_users[shashwatrane@codezyng.com-test1234]","Test full application access for both user types."
"broken","Wed Dec 24 10:02:49 UTC 2025","Wed Dec 24 10:02:49 UTC 2025","0","tests","test_dashboard_elements","TestDashboardElements","","","test_search_users_functionality","Test search users functionality on dashboard."
"broken","Wed Dec 24 10:04:05 UTC 2025","Wed Dec 24 10:04:05 UTC 2025","0","tests","test_security","TestSecurity","","","test_path_traversal_attempts","Test path traversal attack prevention."
"broken","Wed Dec 24 10:04:10 UTC 2025","Wed Dec 24 10:04:10 UTC 2025","0","tests","test_tasks","TestTasks","","","test_fill_task_form","Test filling task creation form."
"broken","Wed Dec 24 10:02:52 UTC 2025","Wed Dec 24 10:02:52 UTC 2025","0","tests","test_dashboard_elements","TestDashboardElements","","","test_dashboard_data_display","Test that dashboard displays actual data."
"broken","Wed Dec 24 10:02:57 UTC 2025","Wed Dec 24 10:02:57 UTC 2025","0","tests","test_data_validation","TestDataValidation","","","test_unicode_character_handling","Test Unicode character handling."
"broken","Wed Dec 24 10:04:31 UTC 2025","Wed Dec 24 10:04:31 UTC 2025","0","tests","test_username_password_normalization","TestUsernamePasswordNormalization","","","test_username_with_spaces_at_both_ends_should_pass","Test that spaces at both ends of username are trimmed and login succeeds."
"broken","Wed Dec 24 10:03:03 UTC 2025","Wed Dec 24 10:03:03 UTC 2025","0","tests","test_edge_cases","TestEdgeCases","","","test_large_payload_handling","Test handling of large data payloads."
"broken","Wed Dec 24 10:02:41 UTC 2025","Wed Dec 24 10:02:41 UTC 2025","0","tests","test_comprehensive_login","TestLoginComprehensive","","","test_login_with_different_credentials[shishir@codezyng.com-test12345-False]","Test login with various credential combinations."
"broken","Wed Dec 24 10:03:50 UTC 2025","Wed Dec 24 10:03:50 UTC 2025","0","tests","test_reports_comprehensive","TestReportsComprehensive","","","test_pagination_errors_on_invalid_page","Test pagination errors on invalid page access."
"broken","Wed Dec 24 10:03:05 UTC 2025","Wed Dec 24 10:03:05 UTC 2025","0","tests","test_end_to_end","TestEndToEnd","","","test_complete_user_journey_admin","Test complete user journey for admin user."
"broken","Wed Dec 24 10:02:28 UTC 2025","Wed Dec 24 10:02:28 UTC 2025","0","tests","test_branch","TestBranch","","","test_branch_table_structure","Test branch table structure."
"broken","Wed Dec 24 10:03:18 UTC 2025","Wed Dec 24 10:03:18 UTC 2025","0","tests","test_login","","","","test_user_login_not_authorized",""
"broken","Wed Dec 24 10:02:53 UTC 2025","Wed Dec 24 10:02:53 UTC 2025","0","tests","test_data_validation","TestDataValidation","","","test_email_format_validation","Test email format validation."
"broken","Wed Dec 24 10:02:26 UTC 2025","Wed Dec 24 10:02:26 UTC 2025","0","tests","test_branch","TestBranch","","","test_fill_branch_form","Test filling branch creation form."
"broken","Wed Dec 24 10:02:32 UTC 2025","Wed Dec 24 10:02:32 UTC 2025","0","tests","test_complete_workflow","TestCompleteWorkflow","","","test_complete_reports_workflow","Test complete reports workflow."
"broken","Wed Dec 24 10:03:02 UTC 2025","Wed Dec 24 10:03:02 UTC 2025","0","tests","test_edge_cases","TestEdgeCases","","","test_multiple_tabs_sessions","Test behavior with multiple tabs."
"broken","Wed Dec 24 10:02:39 UTC 2025","Wed Dec 24 10:02:39 UTC 2025","0","tests","test_comprehensive_dashboard","TestDashboardComprehensive","","","test_dashboard_content_loading","Test that dashboard content loads properly."
"broken","Wed Dec 24 10:03:52 UTC 2025","Wed Dec 24 10:03:52 UTC 2025","0","tests","test_reports_comprehensive","TestReportsComprehensive","","","test_edit_report_functionality","Test editing an existing report."
"broken","Wed Dec 24 10:04:45 UTC 2025","Wed Dec 24 10:04:45 UTC 2025","0","tests","test_users","TestUsers","","","test_edit_user_functionality","Test editing a user."
"broken","Wed Dec 24 10:03:45 UTC 2025","Wed Dec 24 10:03:45 UTC 2025","0","tests","test_reports","TestReports","","","test_reports_page_refresh","Test that reports page works after refresh."
"broken","Wed Dec 24 10:03:39 UTC 2025","Wed Dec 24 10:03:39 UTC 2025","0","tests","test_positive_cases","TestPositiveCases","","","test_multiple_successful_logins","Test multiple successful login sessions."
"broken","Wed Dec 24 10:03:01 UTC 2025","Wed Dec 24 10:03:01 UTC 2025","0","tests","test_edge_cases","TestEdgeCases","","","test_browser_back_button","Test browser back button behavior."
"broken","Wed Dec 24 10:04:49 UTC 2025","Wed Dec 24 10:04:49 UTC 2025","0","tests","test_users_crud_comprehensive","TestUsersCRUDComprehensive","","","test_add_user_minimum_required_fields","Test adding user with only required fields."
"broken","Wed Dec 24 10:03:38 UTC 2025","Wed Dec 24 10:03:38 UTC 2025","0","tests","test_positive_cases","TestPositiveCases","","","test_logout_functionality","Test logout works correctly."
"broken","Wed Dec 24 10:03:15 UTC 2025","Wed Dec 24 10:03:15 UTC 2025","0","tests","test_invalid_login","TestInvalidLogin","","","test_login_with_numeric_only_credentials","Test login with numeric-only credentials."
"broken","Wed Dec 24 10:02:50 UTC 2025","Wed Dec 24 10:02:50 UTC 2025","0","tests","test_dashboard_elements","TestDashboardElements","","","test_areas_by_checked_in_users_section","Test Areas by Checked-In Users section."
"broken","Wed Dec 24 10:02:35 UTC 2025","Wed Dec 24 10:02:35 UTC 2025","0","tests","test_comprehensive_dashboard","TestDashboardComprehensive","","","test_dashboard_elements_present","Test that dashboard has all expected elements."
"broken","Wed Dec 24 10:03:30 UTC 2025","Wed Dec 24 10:03:30 UTC 2025","0","tests","test_performance","TestPerformance","","","test_login_response_time","Test login response time."
"broken","Wed Dec 24 10:04:35 UTC 2025","Wed Dec 24 10:04:35 UTC 2025","0","tests","test_username_password_normalization","TestUsernamePasswordNormalization","","","test_password_case_sensitive_mixed_case_should_fail","Test that password with different case should fail (password is case-sensitive)."
"broken","Wed Dec 24 10:04:42 UTC 2025","Wed Dec 24 10:04:42 UTC 2025","0","tests","test_users","TestUsers","","","test_users_filter_by_status","Test filtering users by status."
"broken","Wed Dec 24 10:03:29 UTC 2025","Wed Dec 24 10:03:29 UTC 2025","0","tests","test_pagination_comprehensive","TestPaginationComprehensive","","","test_pagination_with_filter","Test pagination works with filters."
"broken","Wed Dec 24 10:03:45 UTC 2025","Wed Dec 24 10:03:45 UTC 2025","0","tests","test_reports","TestReports","","","test_reports_table_structure","Test reports table structure."
"broken","Wed Dec 24 10:03:28 UTC 2025","Wed Dec 24 10:03:28 UTC 2025","0","tests","test_pagination_comprehensive","TestPaginationComprehensive","","","test_pagination_url_updates","Test pagination updates URL."
"broken","Wed Dec 24 10:04:32 UTC 2025","Wed Dec 24 10:04:32 UTC 2025","0","tests","test_username_password_normalization","TestUsernamePasswordNormalization","","","test_password_with_spaces_at_end_should_pass","Test that spaces at end of password are trimmed and login succeeds."
"broken","Wed Dec 24 10:04:20 UTC 2025","Wed Dec 24 10:04:20 UTC 2025","0","tests","test_tasks_comprehensive","TestTasksComprehensive","","","test_task_due_date_validation","Test task due date validation."
"broken","Wed Dec 24 10:04:31 UTC 2025","Wed Dec 24 10:04:31 UTC 2025","0","tests","test_username_password_normalization","TestUsernamePasswordNormalization","","","test_password_with_spaces_at_beginning_should_pass","Test that spaces at beginning of password are trimmed and login succeeds."
"broken","Wed Dec 24 10:02:55 UTC 2025","Wed Dec 24 10:02:55 UTC 2025","0","tests","test_data_validation","TestDataValidation","","","test_special_character_handling","Test special character handling in inputs."
"broken","Wed Dec 24 10:02:34 UTC 2025","Wed Dec 24 10:02:34 UTC 2025","0","tests","test_complete_workflow","TestCompleteWorkflow","","","test_full_application_access_both_users[shishir@codezyng.com-test12345]","Test full application access for both user types."
"broken","Wed Dec 24 10:02:22 UTC 2025","Wed Dec 24 10:02:22 UTC 2025","0","tests","test_accessibility","TestAccessibility","","","test_responsive_design_accessibility","Test accessibility on different screen sizes."
"broken","Wed Dec 24 10:04:48 UTC 2025","Wed Dec 24 10:04:48 UTC 2025","0","tests","test_users","TestUsers","","","test_cancel_user_form","Test canceling user form."
"broken","Wed Dec 24 10:02:30 UTC 2025","Wed Dec 24 10:02:30 UTC 2025","0","tests","test_branch","TestBranch","","","test_cancel_branch_form","Test canceling branch form."
"broken","Wed Dec 24 10:04:02 UTC 2025","Wed Dec 24 10:04:02 UTC 2025","0","tests","test_security","TestSecurity","","","test_password_visibility_toggle","Test password field masking."
"broken","Wed Dec 24 10:04:21 UTC 2025","Wed Dec 24 10:04:21 UTC 2025","0","tests","test_ui_elements","TestUIElements","","","test_input_fields_functionality","Test input field functionality."
"broken","Wed Dec 24 10:03:16 UTC 2025","Wed Dec 24 10:03:16 UTC 2025","0","tests","test_login","","","","test_login_page_loads","
    Login page should load successfully
    "
"broken","Wed Dec 24 10:03:46 UTC 2025","Wed Dec 24 10:03:46 UTC 2025","0","tests","test_reports","TestReports","","","test_reports_direct_url_access","Test direct URL access to reports page when logged in."
"broken","Wed Dec 24 10:02:38 UTC 2025","Wed Dec 24 10:02:38 UTC 2025","0","tests","test_comprehensive_dashboard","TestDashboardComprehensive","","","test_dashboard_access_with_both_users[shashwatrane@codezyng.com-test1234]","Test dashboard access with both user accounts."
"broken","Wed Dec 24 10:04:37 UTC 2025","Wed Dec 24 10:04:37 UTC 2025","0","tests","test_username_password_normalization","TestUsernamePasswordNormalization","","","test_various_username_password_combinations[SHASHWATRANE@CODEZYNG.COM-test1234-True]","Test various combinations of username and password normalization."
"broken","Wed Dec 24 10:02:56 UTC 2025","Wed Dec 24 10:02:56 UTC 2025","0","tests","test_data_validation","TestDataValidation","","","test_phone_number_validation","Test phone number format validation."
"broken","Wed Dec 24 10:02:25 UTC 2025","Wed Dec 24 10:02:25 UTC 2025","0","tests","test_branch","TestBranch","","","test_create_branch_button_visible","Test that create branch button is visible."
"broken","Wed Dec 24 10:02:38 UTC 2025","Wed Dec 24 10:02:38 UTC 2025","0","tests","test_comprehensive_dashboard","TestDashboardComprehensive","","","test_dashboard_access_with_both_users[shishir@codezyng.com-test12345]","Test dashboard access with both user accounts."
"broken","Wed Dec 24 10:03:48 UTC 2025","Wed Dec 24 10:03:48 UTC 2025","0","tests","test_reports_comprehensive","TestReportsComprehensive","","","test_export_reports_excel","Test exporting reports to Excel."
"broken","Wed Dec 24 10:03:54 UTC 2025","Wed Dec 24 10:03:54 UTC 2025","0","tests","test_search_comprehensive","TestSearchComprehensive","","","test_search_users_by_email","Test searching users by email."
"broken","Wed Dec 24 10:02:36 UTC 2025","Wed Dec 24 10:02:36 UTC 2025","0","tests","test_comprehensive_dashboard","TestDashboardComprehensive","","","test_dashboard_page_interactions","Test basic interactions on dashboard page."
"broken","Wed Dec 24 10:04:23 UTC 2025","Wed Dec 24 10:04:23 UTC 2025","0","tests","test_ui_elements","TestUIElements","","","test_dashboard_content_visibility","Test that dashboard content is visible."
"broken","Wed Dec 24 10:02:20 UTC 2025","Wed Dec 24 10:02:20 UTC 2025","0","tests","test_accessibility","TestAccessibility","","","test_alt_text_for_images","Test alt text for images."
"broken","Wed Dec 24 10:03:04 UTC 2025","Wed Dec 24 10:03:04 UTC 2025","0","tests","test_edge_cases","TestEdgeCases","","","test_concurrent_user_actions","Test concurrent user actions."
"broken","Wed Dec 24 10:02:40 UTC 2025","Wed Dec 24 10:02:40 UTC 2025","0","tests","test_comprehensive_login","TestLoginComprehensive","","","test_login_page_elements","Test that login page has all required elements."
"broken","Wed Dec 24 10:03:17 UTC 2025","Wed Dec 24 10:03:17 UTC 2025","0","tests","test_login","","","","test_login_with_trimmed_and_uppercase_email[ kranjith@codezyng.com  -test1234]","
    Backend trims spaces and normalizes email case
    "
"broken","Wed Dec 24 10:04:13 UTC 2025","Wed Dec 24 10:04:13 UTC 2025","0","tests","test_tasks","TestTasks","","","test_tasks_page_refresh","Test that tasks page works after refresh."
"broken","Wed Dec 24 10:04:40 UTC 2025","Wed Dec 24 10:04:40 UTC 2025","0","tests","test_users","TestUsers","","","test_users_page_loads","Test that users page loads correctly."
"broken","Wed Dec 24 10:04:19 UTC 2025","Wed Dec 24 10:04:19 UTC 2025","0","tests","test_tasks_comprehensive","TestTasksComprehensive","","","test_add_task_and_verify_in_list","Test adding task and verifying it appears in list."
"broken","Wed Dec 24 10:04:01 UTC 2025","Wed Dec 24 10:04:01 UTC 2025","0","tests","test_security","TestSecurity","","","test_xss_attack_prevention","Test XSS attack prevention."
"broken","Wed Dec 24 10:04:51 UTC 2025","Wed Dec 24 10:04:51 UTC 2025","0","tests","test_users_crud_comprehensive","TestUsersCRUDComprehensive","","","test_delete_user_with_confirmation","Test deleting user triggers confirmation dialog (dialog dismissed)."
"broken","Wed Dec 24 10:04:19 UTC 2025","Wed Dec 24 10:04:19 UTC 2025","0","tests","test_tasks_comprehensive","TestTasksComprehensive","","","test_task_pagination","Test task pagination."
"broken","Wed Dec 24 10:02:30 UTC 2025","Wed Dec 24 10:02:30 UTC 2025","0","tests","test_branch","TestBranch","","","test_branch_form_validation","Test branch form validation."
"broken","Wed Dec 24 10:03:23 UTC 2025","Wed Dec 24 10:03:23 UTC 2025","0","tests","test_pagination_comprehensive","TestPaginationComprehensive","","","test_users_pagination_next_page","Test users pagination - next page."
"broken","Wed Dec 24 10:04:14 UTC 2025","Wed Dec 24 10:04:14 UTC 2025","0","tests","test_tasks_comprehensive","TestTasksComprehensive","","","test_add_new_task_complete_details","Test adding a new task with complete details."
"broken","Wed Dec 24 10:03:10 UTC 2025","Wed Dec 24 10:03:10 UTC 2025","0","tests","test_invalid_login","TestInvalidLogin","","","test_login_with_wrong_credentials","Test login with completely wrong credentials."
"broken","Wed Dec 24 10:03:55 UTC 2025","Wed Dec 24 10:03:55 UTC 2025","0","tests","test_search_comprehensive","TestSearchComprehensive","","","test_search_reports_by_name","Test searching reports by name."
"broken","Wed Dec 24 10:02:24 UTC 2025","Wed Dec 24 10:02:24 UTC 2025","0","tests","test_branch","TestBranch","","","test_branch_search_functionality","Test search functionality on branch page."
"broken","Wed Dec 24 10:02:24 UTC 2025","Wed Dec 24 10:02:24 UTC 2025","0","tests","test_branch","TestBranch","","","test_branch_filter_by_location","Test filtering branches by location."
"broken","Wed Dec 24 10:03:40 UTC 2025","Wed Dec 24 10:03:40 UTC 2025","0","tests","test_positive_cases","TestPositiveCases","","","test_smooth_user_experience","Test smooth user experience throughout."
"broken","Wed Dec 24 10:02:39 UTC 2025","Wed Dec 24 10:02:39 UTC 2025","0","tests","test_comprehensive_dashboard","TestDashboardComprehensive","","","test_dashboard_responsive_elements","Test that dashboard elements are responsive."
"broken","Wed Dec 24 10:03:49 UTC 2025","Wed Dec 24 10:03:49 UTC 2025","0","tests","test_reports_comprehensive","TestReportsComprehensive","","","test_pagination_next_page","Test pagination - next page."
"broken","Wed Dec 24 10:04:04 UTC 2025","Wed Dec 24 10:04:04 UTC 2025","0","tests","test_security","TestSecurity","","","test_secure_cookies","Test that cookies are secure."
"broken","Wed Dec 24 10:03:17 UTC 2025","Wed Dec 24 10:03:17 UTC 2025","0","tests","test_login","","","","test_dashboard_visible_after_admin_login","
    Dashboard should be reachable after admin login
 "
"broken","Wed Dec 24 10:03:14 UTC 2025","Wed Dec 24 10:03:14 UTC 2025","0","tests","test_invalid_login","TestInvalidLogin","","","test_login_case_sensitivity","Test login case sensitivity - username is case-insensitive, password is case-sensitive."
"broken","Wed Dec 24 10:02:19 UTC 2025","Wed Dec 24 10:02:19 UTC 2025","0","tests","test_accessibility","TestAccessibility","","","test_screen_reader_compatibility","Test screen reader compatibility."
"broken","Wed Dec 24 10:02:17 UTC 2025","Wed Dec 24 10:02:17 UTC 2025","0","tests","test_accessibility","TestAccessibility","","","test_keyboard_navigation","Test keyboard navigation."
"broken","Wed Dec 24 10:02:59 UTC 2025","Wed Dec 24 10:02:59 UTC 2025","0","tests","test_edge_cases","TestEdgeCases","","","test_special_characters_in_email","Test email with special characters."
"broken","Wed Dec 24 10:04:37 UTC 2025","Wed Dec 24 10:04:37 UTC 2025","0","tests","test_username_password_normalization","TestUsernamePasswordNormalization","","","test_various_username_password_combinations[  shashwatrane@codezyng.com  -test1234-True]","Test various combinations of username and password normalization."
"broken","Wed Dec 24 10:04:41 UTC 2025","Wed Dec 24 10:04:41 UTC 2025","0","tests","test_users","TestUsers","","","test_users_search_functionality","Test search functionality on users page."
"broken","Wed Dec 24 10:03:27 UTC 2025","Wed Dec 24 10:03:27 UTC 2025","0","tests","test_pagination_comprehensive","TestPaginationComprehensive","","","test_pagination_disabled_on_first_page","Test pagination buttons are disabled on first page."
"broken","Wed Dec 24 10:04:48 UTC 2025","Wed Dec 24 10:04:48 UTC 2025","0","tests","test_users_crud_comprehensive","TestUsersCRUDComprehensive","","","test_add_new_user_complete_form","Test adding a new user with complete form.

        Steps:
        1. Navigate to Users page
        2. Open Create User form and fill all fields
        3. Save and search for the created user
        Expected: user appears in search results.
        "
"broken","Wed Dec 24 10:03:14 UTC 2025","Wed Dec 24 10:03:14 UTC 2025","0","tests","test_invalid_login","TestInvalidLogin","","","test_login_with_whitespace_only","Test login with whitespace-only credentials."
"broken","Wed Dec 24 10:04:16 UTC 2025","Wed Dec 24 10:04:16 UTC 2025","0","tests","test_tasks_comprehensive","TestTasksComprehensive","","","test_remove_delete_task","Test removing/deleting a task."
"broken","Wed Dec 24 10:03:55 UTC 2025","Wed Dec 24 10:03:55 UTC 2025","0","tests","test_search_comprehensive","TestSearchComprehensive","","","test_search_branches_by_name","Test searching branches by name."
"broken","Wed Dec 24 10:02:58 UTC 2025","Wed Dec 24 10:02:58 UTC 2025","0","tests","test_data_validation","TestDataValidation","","","test_case_sensitivity_validation","Test case sensitivity - username is case-insensitive, password is case-sensitive."
"broken","Wed Dec 24 10:04:08 UTC 2025","Wed Dec 24 10:04:08 UTC 2025","0","tests","test_tasks","TestTasks","","","test_tasks_filter_by_priority","Test filtering tasks by priority."
"broken","Wed Dec 24 10:04:50 UTC 2025","Wed Dec 24 10:04:50 UTC 2025","0","tests","test_users_crud_comprehensive","TestUsersCRUDComprehensive","","","test_edit_existing_user","Test editing an existing user."
"broken","Wed Dec 24 10:03:08 UTC 2025","Wed Dec 24 10:03:08 UTC 2025","0","tests","test_end_to_end","TestEndToEnd","","","test_full_workflow_both_users[shashwatrane@codezyng.com-test1234]","Test full workflow for both user types."
"broken","Wed Dec 24 10:02:29 UTC 2025","Wed Dec 24 10:02:29 UTC 2025","0","tests","test_branch","TestBranch","","","test_branch_direct_url_access","Test direct URL access to branch page when logged in."
"broken","Wed Dec 24 10:02:21 UTC 2025","Wed Dec 24 10:02:21 UTC 2025","0","tests","test_accessibility","TestAccessibility","","","test_error_message_accessibility","Test error messages are accessible."
"broken","Wed Dec 24 10:03:44 UTC 2025","Wed Dec 24 10:03:44 UTC 2025","0","tests","test_reports","TestReports","","","test_reports_export_functionality","Test export functionality on reports page."
"broken","Wed Dec 24 10:02:59 UTC 2025","Wed Dec 24 10:02:59 UTC 2025","0","tests","test_edge_cases","TestEdgeCases","","","test_unicode_in_inputs","Test Unicode characters in input fields."
"broken","Wed Dec 24 10:03:50 UTC 2025","Wed Dec 24 10:03:50 UTC 2025","0","tests","test_reports_comprehensive","TestReportsComprehensive","","","test_pagination_page_number_selection","Test pagination - selecting specific page number."
"broken","Wed Dec 24 10:03:26 UTC 2025","Wed Dec 24 10:03:26 UTC 2025","0","tests","test_pagination_comprehensive","TestPaginationComprehensive","","","test_pagination_last_page_button","Test pagination last page button."
"broken","Wed Dec 24 10:04:15 UTC 2025","Wed Dec 24 10:04:15 UTC 2025","0","tests","test_tasks_comprehensive","TestTasksComprehensive","","","test_view_task_details","Test viewing task details."
"broken","Wed Dec 24 10:04:45 UTC 2025","Wed Dec 24 10:04:45 UTC 2025","0","tests","test_users","TestUsers","","","test_users_table_structure","Test users table structure."
"broken","Wed Dec 24 10:03:23 UTC 2025","Wed Dec 24 10:03:23 UTC 2025","0","tests","test_pagination_comprehensive","TestPaginationComprehensive","","","test_users_pagination_previous_page","Test users pagination - previous page."
"broken","Wed Dec 24 10:02:43 UTC 2025","Wed Dec 24 10:02:43 UTC 2025","0","tests","test_comprehensive_login","TestLoginComprehensive","","","test_login_with_different_credentials[shashwatrane@codezyng.com--False]","Test login with various credential combinations."
"broken","Wed Dec 24 10:02:45 UTC 2025","Wed Dec 24 10:02:45 UTC 2025","0","tests","test_comprehensive_login","TestLoginComprehensive","","","test_direct_dashboard_access_blocked","Test that direct dashboard access is blocked without login."
"broken","Wed Dec 24 10:02:42 UTC 2025","Wed Dec 24 10:02:42 UTC 2025","0","tests","test_comprehensive_login","TestLoginComprehensive","","","test_login_with_different_credentials[-test1234-False]","Test login with various credential combinations."
"broken","Wed Dec 24 10:03:11 UTC 2025","Wed Dec 24 10:03:11 UTC 2025","0","tests","test_invalid_login","TestInvalidLogin","","","test_login_with_sql_injection_attempt","Test login with SQL injection attempts."
"broken","Wed Dec 24 10:04:14 UTC 2025","Wed Dec 24 10:04:14 UTC 2025","0","tests","test_tasks_comprehensive","TestTasksComprehensive","","","test_add_task_minimum_fields","Test adding task with minimum required fields."
"broken","Wed Dec 24 10:02:26 UTC 2025","Wed Dec 24 10:02:26 UTC 2025","0","tests","test_branch","TestBranch","","","test_create_branch_form_elements","Test create branch form elements."
"broken","Wed Dec 24 10:04:01 UTC 2025","Wed Dec 24 10:04:01 UTC 2025","0","tests","test_security","TestSecurity","","","test_sql_injection_in_login_email","Test SQL injection protection in email field."
"broken","Wed Dec 24 10:02:23 UTC 2025","Wed Dec 24 10:02:23 UTC 2025","0","tests","test_branch","TestBranch","","","test_branch_page_elements_present","Test that branch page has all expected elements."
"broken","Wed Dec 24 10:02:37 UTC 2025","Wed Dec 24 10:02:37 UTC 2025","0","tests","test_comprehensive_dashboard","TestDashboardComprehensive","","","test_dashboard_refresh","Test that dashboard works correctly after page refresh."
"broken","Wed Dec 24 10:03:21 UTC 2025","Wed Dec 24 10:03:21 UTC 2025","0","tests","test_navigation","TestNavigation","","","test_page_navigation_flow","Test navigation between pages."
"broken","Wed Dec 24 10:02:43 UTC 2025","Wed Dec 24 10:02:43 UTC 2025","0","tests","test_comprehensive_login","TestLoginComprehensive","","","test_admin_login_flow","Test complete admin login flow."
"broken","Wed Dec 24 10:04:11 UTC 2025","Wed Dec 24 10:04:11 UTC 2025","0","tests","test_tasks","TestTasks","","","test_view_task_functionality","Test viewing a task."
"broken","Wed Dec 24 10:03:32 UTC 2025","Wed Dec 24 10:03:32 UTC 2025","0","tests","test_performance","TestPerformance","","","test_api_response_time","Test API response times."
"broken","Wed Dec 24 10:04:44 UTC 2025","Wed Dec 24 10:04:44 UTC 2025","0","tests","test_users","TestUsers","","","test_fill_user_form","Test filling user creation form."
"broken","Wed Dec 24 10:03:09 UTC 2025","Wed Dec 24 10:03:09 UTC 2025","0","tests","test_invalid_login","TestInvalidLogin","","","test_login_with_invalid_password","Test login with invalid password."
"broken","Wed Dec 24 10:02:25 UTC 2025","Wed Dec 24 10:02:25 UTC 2025","0","tests","test_branch","TestBranch","","","test_branch_filter_by_status","Test filtering branches by status."
"broken","Wed Dec 24 10:02:44 UTC 2025","Wed Dec 24 10:02:44 UTC 2025","0","tests","test_comprehensive_login","TestLoginComprehensive","","","test_login_with_whitespace_in_email","Test login with whitespace in email (should be trimmed)."
"broken","Wed Dec 24 10:03:12 UTC 2025","Wed Dec 24 10:03:12 UTC 2025","0","tests","test_invalid_login","TestInvalidLogin","","","test_login_with_very_long_credentials","Test login with very long email and password."
"broken","Wed Dec 24 10:03:29 UTC 2025","Wed Dec 24 10:03:29 UTC 2025","0","tests","test_pagination_comprehensive","TestPaginationComprehensive","","","test_pagination_with_search","Test pagination works with search results."
"broken","Wed Dec 24 10:04:12 UTC 2025","Wed Dec 24 10:04:12 UTC 2025","0","tests","test_tasks","TestTasks","","","test_tasks_table_structure","Test tasks table structure."
"broken","Wed Dec 24 10:02:42 UTC 2025","Wed Dec 24 10:02:42 UTC 2025","0","tests","test_comprehensive_login","TestLoginComprehensive","","","test_login_with_different_credentials[invalid@email.com-wrongpass-False]","Test login with various credential combinations."
"broken","Wed Dec 24 10:04:20 UTC 2025","Wed Dec 24 10:04:20 UTC 2025","0","tests","test_ui_elements","TestUIElements","","","test_page_title_present","Test that page has a title."
"broken","Wed Dec 24 10:03:56 UTC 2025","Wed Dec 24 10:03:56 UTC 2025","0","tests","test_search_comprehensive","TestSearchComprehensive","","","test_search_tasks_by_title","Test searching tasks by title."
"broken","Wed Dec 24 10:03:20 UTC 2025","Wed Dec 24 10:03:20 UTC 2025","0","tests","test_navigation","TestNavigation","","","test_logout_and_login_again","Test that user can login again after logout."
"broken","Wed Dec 24 10:02:53 UTC 2025","Wed Dec 24 10:02:53 UTC 2025","0","tests","test_data_validation","TestDataValidation","","","test_password_strength_validation","Test password strength validation."
"broken","Wed Dec 24 10:03:04 UTC 2025","Wed Dec 24 10:03:04 UTC 2025","0","tests","test_edge_cases","TestEdgeCases","","","test_extreme_viewport_sizes","Test application on extreme viewport sizes."
"broken","Wed Dec 24 10:03:19 UTC 2025","Wed Dec 24 10:03:19 UTC 2025","0","tests","test_navigation","TestNavigation","","","test_navigation_menu_visible","Test that navigation menu is available after login."
"broken","Wed Dec 24 10:03:58 UTC 2025","Wed Dec 24 10:03:58 UTC 2025","0","tests","test_search_comprehensive","TestSearchComprehensive","","","test_search_empty_results","Test search with no results."
"broken","Wed Dec 24 10:04:28 UTC 2025","Wed Dec 24 10:04:28 UTC 2025","0","tests","test_unauthorized_access","TestUnauthorizedAccess","","","test_unauthorized_user_navigation_restrictions","Test that unauthorized user sees restricted navigation."
"broken","Wed Dec 24 10:02:36 UTC 2025","Wed Dec 24 10:02:36 UTC 2025","0","tests","test_comprehensive_dashboard","TestDashboardComprehensive","","","test_dashboard_navigation","Test navigation elements on dashboard."
"broken","Wed Dec 24 10:04:22 UTC 2025","Wed Dec 24 10:04:22 UTC 2025","0","tests","test_ui_elements","TestUIElements","","","test_page_responsiveness","Test page responsiveness to interactions."
"broken","Wed Dec 24 10:04:06 UTC 2025","Wed Dec 24 10:04:06 UTC 2025","0","tests","test_security","TestSecurity","","","test_open_redirect_vulnerability","Test open redirect vulnerability."
"broken","Wed Dec 24 10:03:27 UTC 2025","Wed Dec 24 10:03:27 UTC 2025","0","tests","test_pagination_comprehensive","TestPaginationComprehensive","","","test_pagination_disabled_on_last_page","Test pagination buttons are disabled on last page."
"broken","Wed Dec 24 10:04:04 UTC 2025","Wed Dec 24 10:04:04 UTC 2025","0","tests","test_security","TestSecurity","","","test_content_security_policy","Test Content Security Policy headers."
"broken","Wed Dec 24 10:04:43 UTC 2025","Wed Dec 24 10:04:43 UTC 2025","0","tests","test_users","TestUsers","","","test_create_user_button_visible","Test that create user button is visible."
"broken","Wed Dec 24 10:04:11 UTC 2025","Wed Dec 24 10:04:11 UTC 2025","0","tests","test_tasks","TestTasks","","","test_edit_task_functionality","Test editing a task."
"broken","Wed Dec 24 10:02:48 UTC 2025","Wed Dec 24 10:02:48 UTC 2025","0","tests","test_dashboard_elements","TestDashboardElements","","","test_user_location_section_present","Test that User Live Approx. Location section is present."
"broken","Wed Dec 24 10:04:36 UTC 2025","Wed Dec 24 10:04:36 UTC 2025","0","tests","test_username_password_normalization","TestUsernamePasswordNormalization","","","test_username_uppercase_with_spaces_should_pass","Test that username in uppercase with spaces should pass (both trimmed and case-normalized)."
"broken","Wed Dec 24 10:02:54 UTC 2025","Wed Dec 24 10:02:54 UTC 2025","0","tests","test_data_validation","TestDataValidation","","","test_required_field_validation","Test required field validation."
"broken","Wed Dec 24 10:04:09 UTC 2025","Wed Dec 24 10:04:09 UTC 2025","0","tests","test_tasks","TestTasks","","","test_create_task_form_elements","Test create task form elements."
"broken","Wed Dec 24 10:04:23 UTC 2025","Wed Dec 24 10:04:23 UTC 2025","0","tests","test_ui_elements","TestUIElements","","","test_page_load_performance","Test page load performance."
"broken","Wed Dec 24 10:04:43 UTC 2025","Wed Dec 24 10:04:43 UTC 2025","0","tests","test_users","TestUsers","","","test_create_user_form_elements","Test create user form elements."
"broken","Wed Dec 24 10:03:13 UTC 2025","Wed Dec 24 10:03:13 UTC 2025","0","tests","test_invalid_login","TestInvalidLogin","","","test_login_error_messages","Test that appropriate error messages are shown for invalid login."
"broken","Wed Dec 24 10:03:46 UTC 2025","Wed Dec 24 10:03:46 UTC 2025","0","tests","test_reports_comprehensive","TestReportsComprehensive","","","test_view_report_details","Test viewing report details."
"broken","Wed Dec 24 10:04:38 UTC 2025","Wed Dec 24 10:04:38 UTC 2025","0","tests","test_username_password_normalization","TestUsernamePasswordNormalization","","","test_various_username_password_combinations[  SHASHWATRANE@CODEZYNG.COM  -test1234-True]","Test various combinations of username and password normalization."
"broken","Wed Dec 24 10:02:46 UTC 2025","Wed Dec 24 10:02:46 UTC 2025","0","tests","test_comprehensive_login","TestLoginComprehensive","","","test_multiple_login_attempts","Test multiple login attempts."
"broken","Wed Dec 24 10:04:34 UTC 2025","Wed Dec 24 10:04:34 UTC 2025","0","tests","test_username_password_normalization","TestUsernamePasswordNormalization","","","test_username_case_variations_should_all_pass","Test various username case variations should all pass."
"broken","Wed Dec 24 10:03:31 UTC 2025","Wed Dec 24 10:03:31 UTC 2025","0","tests","test_performance","TestPerformance","","","test_image_load_performance","Test image loading performance."
"broken","Wed Dec 24 10:04:18 UTC 2025","Wed Dec 24 10:04:18 UTC 2025","0","tests","test_tasks_comprehensive","TestTasksComprehensive","","","test_search_tasks","Test searching tasks."
"broken","Wed Dec 24 10:03:22 UTC 2025","Wed Dec 24 10:03:22 UTC 2025","0","tests","test_pagination_comprehensive","TestPaginationComprehensive","","","test_reports_pagination_previous_page","Test reports pagination - previous page."
"broken","Wed Dec 24 10:03:49 UTC 2025","Wed Dec 24 10:03:49 UTC 2025","0","tests","test_reports_comprehensive","TestReportsComprehensive","","","test_pagination_previous_page","Test pagination - previous page."
"broken","Wed Dec 24 10:04:13 UTC 2025","Wed Dec 24 10:04:13 UTC 2025","0","tests","test_tasks","TestTasks","","","test_tasks_direct_url_access","Test direct URL access to tasks page when logged in."
"broken","Wed Dec 24 10:02:37 UTC 2025","Wed Dec 24 10:02:37 UTC 2025","0","tests","test_comprehensive_dashboard","TestDashboardComprehensive","","","test_dashboard_url_direct_access","Test direct dashboard URL access when logged in."
"broken","Wed Dec 24 10:03:03 UTC 2025","Wed Dec 24 10:03:03 UTC 2025","0","tests","test_edge_cases","TestEdgeCases","","","test_network_timeout_handling","Test handling of network timeouts."
"broken","Wed Dec 24 10:04:52 UTC 2025","Wed Dec 24 10:04:52 UTC 2025","0","tests","test_users_crud_comprehensive","TestUsersCRUDComprehensive","","","test_filter_users_after_adding","Test filtering users after adding new user."
"broken","Wed Dec 24 10:03:44 UTC 2025","Wed Dec 24 10:03:44 UTC 2025","0","tests","test_reports","TestReports","","","test_reports_pagination","Test pagination on reports page."
"broken","Wed Dec 24 10:03:59 UTC 2025","Wed Dec 24 10:03:59 UTC 2025","0","tests","test_search_comprehensive","TestSearchComprehensive","","","test_search_partial_match","Test partial match in search."
"broken","Wed Dec 24 10:03:41 UTC 2025","Wed Dec 24 10:03:41 UTC 2025","0","tests","test_reports","TestReports","","","test_reports_page_loads","Test that reports page loads correctly."
"broken","Wed Dec 24 10:02:21 UTC 2025","Wed Dec 24 10:02:21 UTC 2025","0","tests","test_accessibility","TestAccessibility","","","test_skip_links","Test skip to main content links."
"broken","Wed Dec 24 10:03:36 UTC 2025","Wed Dec 24 10:03:36 UTC 2025","0","tests","test_positive_cases","TestPositiveCases","","","test_user_search_functionality","Test user search works correctly."
"broken","Wed Dec 24 10:03:25 UTC 2025","Wed Dec 24 10:03:25 UTC 2025","0","tests","test_pagination_comprehensive","TestPaginationComprehensive","","","test_tasks_pagination_next_page","Test tasks pagination - next page."
"broken","Wed Dec 24 10:02:55 UTC 2025","Wed Dec 24 10:02:55 UTC 2025","0","tests","test_data_validation","TestDataValidation","","","test_numeric_validation","Test numeric field validation."
"broken","Wed Dec 24 10:03:08 UTC 2025","Wed Dec 24 10:03:08 UTC 2025","0","tests","test_end_to_end","TestEndToEnd","","","test_full_workflow_both_users[shishir@codezyng.com-test12345]","Test full workflow for both user types."
"broken","Wed Dec 24 10:02:54 UTC 2025","Wed Dec 24 10:02:54 UTC 2025","0","tests","test_data_validation","TestDataValidation","","","test_max_length_validation","Test maximum length validation for input fields."
"broken","Wed Dec 24 10:03:53 UTC 2025","Wed Dec 24 10:03:53 UTC 2025","0","tests","test_reports_comprehensive","TestReportsComprehensive","","","test_delete_report_with_confirmation","Test deleting report with confirmation."
"broken","Wed Dec 24 10:03:10 UTC 2025","Wed Dec 24 10:03:10 UTC 2025","0","tests","test_invalid_login","TestInvalidLogin","","","test_login_with_empty_credentials","Test login with empty email and password."
"broken","Wed Dec 24 10:03:42 UTC 2025","Wed Dec 24 10:03:42 UTC 2025","0","tests","test_reports","TestReports","","","test_reports_search_functionality","Test search functionality on reports page."
"broken","Wed Dec 24 10:03:22 UTC 2025","Wed Dec 24 10:03:22 UTC 2025","0","tests","test_pagination_comprehensive","TestPaginationComprehensive","","","test_reports_pagination_next_page","Test reports pagination - next page."
"broken","Wed Dec 24 10:03:34 UTC 2025","Wed Dec 24 10:03:34 UTC 2025","0","tests","test_positive_cases","TestPositiveCases","","","test_successful_login_with_valid_credentials","Test successful login with valid admin credentials."
"broken","Wed Dec 24 10:03:35 UTC 2025","Wed Dec 24 10:03:35 UTC 2025","0","tests","test_positive_cases","TestPositiveCases","","","test_navigation_to_all_sections","Test navigation to all available sections."
"broken","Wed Dec 24 10:03:54 UTC 2025","Wed Dec 24 10:03:54 UTC 2025","0","tests","test_search_comprehensive","TestSearchComprehensive","","","test_search_users_by_name","Test searching users by name."
"broken","Wed Dec 24 10:04:29 UTC 2025","Wed Dec 24 10:04:29 UTC 2025","0","tests","test_unauthorized_access","TestUnauthorizedAccess","","","test_unauthorized_vs_authorized_credentials","Test difference between authorized and unauthorized credentials."
"broken","Wed Dec 24 10:04:24 UTC 2025","Wed Dec 24 10:04:24 UTC 2025","0","tests","test_ui_elements","TestUIElements","","","test_form_validation","Test form validation on login."
"broken","Wed Dec 24 10:04:25 UTC 2025","Wed Dec 24 10:04:25 UTC 2025","0","tests","test_unauthorized_access","TestUnauthorizedAccess","","","test_unauthorized_user_login_attempt","Test that unauthorized user cannot login to admin portal."
"broken","Wed Dec 24 10:03:18 UTC 2025","Wed Dec 24 10:03:18 UTC 2025","0","tests","test_login","","","","test_login_with_trimmed_and_uppercase_email[KRANJITH@CODEZYNG.COM-test1234]","
    Backend trims spaces and normalizes email case
    "
"broken","Wed Dec 24 10:04:27 UTC 2025","Wed Dec 24 10:04:27 UTC 2025","0","tests","test_unauthorized_access","TestUnauthorizedAccess","","","test_unauthorized_user_tasks_access","Test that unauthorized user cannot access tasks section."
"broken","Wed Dec 24 10:03:42 UTC 2025","Wed Dec 24 10:03:42 UTC 2025","0","tests","test_reports","TestReports","","","test_reports_filter_functionality","Test filter functionality on reports page."
"broken","Wed Dec 24 10:04:29 UTC 2025","Wed Dec 24 10:04:29 UTC 2025","0","tests","test_unauthorized_access","TestUnauthorizedAccess","","","test_unauthorized_user_session_handling","Test session handling for unauthorized user."
"broken","Wed Dec 24 10:03:06 UTC 2025","Wed Dec 24 10:03:06 UTC 2025","0","tests","test_end_to_end","TestEndToEnd","","","test_complete_user_journey_user","Test complete user journey for regular user."
"broken","Wed Dec 24 10:04:41 UTC 2025","Wed Dec 24 10:04:41 UTC 2025","0","tests","test_users","TestUsers","","","test_users_page_elements_present","Test that users page has all expected elements."
"broken","Wed Dec 24 10:02:32 UTC 2025","Wed Dec 24 10:02:32 UTC 2025","0","tests","test_complete_workflow","TestCompleteWorkflow","","","test_complete_settings_workflow","Test complete settings workflow."
"broken","Wed Dec 24 10:03:25 UTC 2025","Wed Dec 24 10:03:25 UTC 2025","0","tests","test_pagination_comprehensive","TestPaginationComprehensive","","","test_pagination_page_numbers","Test clicking specific page numbers."
"broken","Wed Dec 24 10:02:35 UTC 2025","Wed Dec 24 10:02:35 UTC 2025","0","tests","test_comprehensive_dashboard","TestDashboardComprehensive","","","test_dashboard_loads_after_login","Test that dashboard loads correctly after login."
"broken","Wed Dec 24 10:04:39 UTC 2025","Wed Dec 24 10:04:39 UTC 2025","0","tests","test_username_password_normalization","TestUsernamePasswordNormalization","","","test_various_username_password_combinations[shashwatrane@codezyng.com-  TEST1234  -False]","Test various combinations of username and password normalization."
"broken","Wed Dec 24 10:03:02 UTC 2025","Wed Dec 24 10:03:02 UTC 2025","0","tests","test_edge_cases","TestEdgeCases","","","test_page_refresh_during_action","Test page refresh during an action."
"broken","Wed Dec 24 10:04:34 UTC 2025","Wed Dec 24 10:04:34 UTC 2025","0","tests","test_username_password_normalization","TestUsernamePasswordNormalization","","","test_username_mixed_case_should_pass","Test that username in mixed case should pass (case-insensitive)."
"broken","Wed Dec 24 10:03:57 UTC 2025","Wed Dec 24 10:03:57 UTC 2025","0","tests","test_search_comprehensive","TestSearchComprehensive","","","test_search_case_insensitive","Test search is case insensitive."
"broken","Wed Dec 24 10:02:18 UTC 2025","Wed Dec 24 10:02:18 UTC 2025","0","tests","test_accessibility","TestAccessibility","","","test_aria_labels","Test ARIA labels on interactive elements."
"broken","Wed Dec 24 10:04:33 UTC 2025","Wed Dec 24 10:04:33 UTC 2025","0","tests","test_username_password_normalization","TestUsernamePasswordNormalization","","","test_username_uppercase_should_pass","Test that username in uppercase should pass (case-insensitive, auto-converted to lowercase)."
"broken","Wed Dec 24 10:02:50 UTC 2025","Wed Dec 24 10:02:50 UTC 2025","0","tests","test_dashboard_elements","TestDashboardElements","","","test_refresh_button_functionality","Test refresh button functionality."
"broken","Wed Dec 24 10:03:33 UTC 2025","Wed Dec 24 10:03:33 UTC 2025","0","tests","test_performance","TestPerformance","","","test_memory_usage","Test memory usage during operations."
"broken","Wed Dec 24 10:04:46 UTC 2025","Wed Dec 24 10:04:46 UTC 2025","0","tests","test_users","TestUsers","","","test_users_pagination","Test pagination on users page."
"broken","Wed Dec 24 10:03:01 UTC 2025","Wed Dec 24 10:03:01 UTC 2025","0","tests","test_edge_cases","TestEdgeCases","","","test_rapid_button_clicks","Test handling of rapid button clicks."
"broken","Wed Dec 24 10:02:27 UTC 2025","Wed Dec 24 10:02:27 UTC 2025","0","tests","test_branch","TestBranch","","","test_view_branch_functionality","Test viewing a branch."
"broken","Wed Dec 24 10:04:08 UTC 2025","Wed Dec 24 10:04:08 UTC 2025","0","tests","test_tasks","TestTasks","","","test_tasks_filter_by_status","Test filtering tasks by status."
"broken","Wed Dec 24 10:04:27 UTC 2025","Wed Dec 24 10:04:27 UTC 2025","0","tests","test_unauthorized_access","TestUnauthorizedAccess","","","test_unauthorized_user_branch_access","Test that unauthorized user cannot access branch management."
"broken","Wed Dec 24 10:04:42 UTC 2025","Wed Dec 24 10:04:42 UTC 2025","0","tests","test_users","TestUsers","","","test_users_filter_by_role","Test filtering users by role."
"broken","Wed Dec 24 10:04:06 UTC 2025","Wed Dec 24 10:04:06 UTC 2025","0","tests","test_tasks","TestTasks","","","test_tasks_page_loads","Test that tasks page loads correctly."
"broken","Wed Dec 24 10:04:02 UTC 2025","Wed Dec 24 10:04:02 UTC 2025","0","tests","test_security","TestSecurity","","","test_csrf_protection","Test CSRF token protection."
"broken","Wed Dec 24 10:03:24 UTC 2025","Wed Dec 24 10:03:24 UTC 2025","0","tests","test_pagination_comprehensive","TestPaginationComprehensive","","","test_branch_pagination_previous_page","Test branch pagination - previous page."
"broken","Wed Dec 24 10:02:46 UTC 2025","Wed Dec 24 10:02:46 UTC 2025","0","tests","test_comprehensive_login","TestLoginComprehensive","","","test_session_persistence","Test that session persists after login."
"broken","Wed Dec 24 10:04:09 UTC 2025","Wed Dec 24 10:04:09 UTC 2025","0","tests","test_tasks","TestTasks","","","test_create_task_button_visible","Test that create task button is visible."
"broken","Wed Dec 24 10:03:43 UTC 2025","Wed Dec 24 10:03:43 UTC 2025","0","tests","test_reports","TestReports","","","test_view_report_functionality","Test viewing a report."
"broken","Wed Dec 24 10:03:13 UTC 2025","Wed Dec 24 10:03:13 UTC 2025","0","tests","test_invalid_login","TestInvalidLogin","","","test_multiple_failed_login_attempts","Test multiple consecutive failed login attempts."
"broken","Wed Dec 24 10:03:16 UTC 2025","Wed Dec 24 10:03:16 UTC 2025","0","tests","test_login","","","","test_admin_login_success","
    Admin credentials should be able to access dashboard
    "
"broken","Wed Dec 24 10:04:05 UTC 2025","Wed Dec 24 10:04:05 UTC 2025","0","tests","test_security","TestSecurity","","","test_file_upload_security","Test file upload restrictions."
"broken","Wed Dec 24 10:04:16 UTC 2025","Wed Dec 24 10:04:16 UTC 2025","0","tests","test_tasks_comprehensive","TestTasksComprehensive","","","test_carry_forward_task","Test carrying forward a task to next period."
"broken","Wed Dec 24 10:03:47 UTC 2025","Wed Dec 24 10:03:47 UTC 2025","0","tests","test_reports_comprehensive","TestReportsComprehensive","","","test_filter_reports_by_date_range","Test filtering reports from one date to another."
"broken","Wed Dec 24 10:03:59 UTC 2025","Wed Dec 24 10:03:59 UTC 2025","0","tests","test_search_comprehensive","TestSearchComprehensive","","","test_search_with_whitespace","Test search with leading/trailing whitespace."
"broken","Wed Dec 24 10:03:30 UTC 2025","Wed Dec 24 10:03:30 UTC 2025","0","tests","test_performance","TestPerformance","","","test_page_load_time","Test page load performance."
"broken","Wed Dec 24 10:03:35 UTC 2025","Wed Dec 24 10:03:35 UTC 2025","0","tests","test_positive_cases","TestPositiveCases","","","test_dashboard_displays_correctly","Test dashboard displays all expected elements."
"broken","Wed Dec 24 10:02:44 UTC 2025","Wed Dec 24 10:02:44 UTC 2025","0","tests","test_comprehensive_login","TestLoginComprehensive","","","test_user_login_flow_unauthorized","Test complete user login flow for unauthorized user."
"broken","Wed Dec 24 10:02:20 UTC 2025","Wed Dec 24 10:02:20 UTC 2025","0","tests","test_accessibility","TestAccessibility","","","test_focus_indication","Test focus indication for keyboard users."
"broken","Wed Dec 24 10:02:51 UTC 2025","Wed Dec 24 10:02:51 UTC 2025","0","tests","test_dashboard_elements","TestDashboardElements","","","test_dashboard_interactive_elements","Test that dashboard has interactive elements."
"broken","Wed Dec 24 10:04:07 UTC 2025","Wed Dec 24 10:04:07 UTC 2025","0","tests","test_tasks","TestTasks","","","test_tasks_page_elements_present","Test that tasks page has all expected elements."
"broken","Wed Dec 24 10:03:56 UTC 2025","Wed Dec 24 10:03:56 UTC 2025","0","tests","test_search_comprehensive","TestSearchComprehensive","","","test_search_branches_by_code","Test searching branches by code."
"broken","Wed Dec 24 10:04:25 UTC 2025","Wed Dec 24 10:04:25 UTC 2025","0","tests","test_unauthorized_access","TestUnauthorizedAccess","","","test_unauthorized_user_direct_dashboard_access","Test that unauthorized user cannot access dashboard via direct URL."
"broken","Wed Dec 24 10:03:38 UTC 2025","Wed Dec 24 10:03:38 UTC 2025","0","tests","test_positive_cases","TestPositiveCases","","","test_page_refresh_maintains_state","Test page refresh maintains user state."
"broken","Wed Dec 24 10:04:46 UTC 2025","Wed Dec 24 10:04:46 UTC 2025","0","tests","test_users","TestUsers","","","test_users_page_refresh","Test that users page works after refresh."
"broken","Wed Dec 24 10:02:19 UTC 2025","Wed Dec 24 10:02:19 UTC 2025","0","tests","test_accessibility","TestAccessibility","","","test_color_contrast","Test color contrast for readability."
"broken","Wed Dec 24 10:02:48 UTC 2025","Wed Dec 24 10:02:48 UTC 2025","0","tests","test_dashboard_elements","TestDashboardElements","","","test_active_users_metric","Test Active Users metric card."
"broken","Wed Dec 24 10:03:21 UTC 2025","Wed Dec 24 10:03:21 UTC 2025","0","tests","test_navigation","TestNavigation","","","test_back_button_after_login","Test browser back button after login."
"broken","Wed Dec 24 10:03:26 UTC 2025","Wed Dec 24 10:03:26 UTC 2025","0","tests","test_pagination_comprehensive","TestPaginationComprehensive","","","test_pagination_first_page_button","Test pagination first page button."
"broken","Wed Dec 24 10:04:03 UTC 2025","Wed Dec 24 10:04:03 UTC 2025","0","tests","test_security","TestSecurity","","","test_rate_limiting_on_failed_logins","Test rate limiting on multiple failed login attempts."
"broken","Wed Dec 24 10:03:28 UTC 2025","Wed Dec 24 10:03:28 UTC 2025","0","tests","test_pagination_comprehensive","TestPaginationComprehensive","","","test_pagination_page_size_change","Test changing items per page."
"broken","Wed Dec 24 10:03:41 UTC 2025","Wed Dec 24 10:03:41 UTC 2025","0","tests","test_reports","TestReports","","","test_reports_page_elements_present","Test that reports page has all expected elements."
"broken","Wed Dec 24 10:04:17 UTC 2025","Wed Dec 24 10:04:17 UTC 2025","0","tests","test_tasks_comprehensive","TestTasksComprehensive","","","test_complete_task","Test marking task as complete."
"broken","Wed Dec 24 10:03:43 UTC 2025","Wed Dec 24 10:03:43 UTC 2025","0","tests","test_reports","TestReports","","","test_create_report_button_visible","Test that create report button is visible."
"broken","Wed Dec 24 10:04:47 UTC 2025","Wed Dec 24 10:04:47 UTC 2025","0","tests","test_users","TestUsers","","","test_users_direct_url_access","Test direct URL access to users page when logged in."
"broken","Wed Dec 24 10:04:53 UTC 2025","Wed Dec 24 10:04:53 UTC 2025","0","tests","test_users_crud_comprehensive","TestUsersCRUDComprehensive","","","test_search_newly_added_user","Test searching for a newly added user."
"broken","Wed Dec 24 10:02:29 UTC 2025","Wed Dec 24 10:02:29 UTC 2025","0","tests","test_branch","TestBranch","","","test_branch_page_refresh","Test that branch page works after refresh."
"broken","Wed Dec 24 10:02:32 UTC 2025","Wed Dec 24 10:02:32 UTC 2025","0","tests","test_complete_workflow","TestCompleteWorkflow","","","test_complete_branch_management_workflow","Test complete branch management workflow."
"broken","Wed Dec 24 10:02:52 UTC 2025","Wed Dec 24 10:02:52 UTC 2025","0","tests","test_dashboard_elements","TestDashboardElements","","","test_dashboard_page_structure","Test overall dashboard page structure."
"broken","Wed Dec 24 10:04:40 UTC 2025","Wed Dec 24 10:04:40 UTC 2025","0","tests","test_username_password_normalization","TestUsernamePasswordNormalization","","","test_various_username_password_combinations[  SHASHWATRANE@CODEZYNG.COM  -  test1234  -True]","Test various combinations of username and password normalization."
"broken","Wed Dec 24 10:04:39 UTC 2025","Wed Dec 24 10:04:39 UTC 2025","0","tests","test_username_password_normalization","TestUsernamePasswordNormalization","","","test_various_username_password_combinations[shashwatrane@codezyng.com-TEST1234-False]","Test various combinations of username and password normalization."
"broken","Wed Dec 24 10:04:17 UTC 2025","Wed Dec 24 10:04:17 UTC 2025","0","tests","test_tasks_comprehensive","TestTasksComprehensive","","","test_filter_tasks_by_status","Test filtering tasks by status."
"broken","Wed Dec 24 10:02:31 UTC 2025","Wed Dec 24 10:02:31 UTC 2025","0","tests","test_complete_workflow","TestCompleteWorkflow","","","test_full_application_navigation","Test navigating through all sections of the application."
"broken","Wed Dec 24 10:04:30 UTC 2025","Wed Dec 24 10:04:30 UTC 2025","0","tests","test_username_password_normalization","TestUsernamePasswordNormalization","","","test_username_with_spaces_at_beginning_should_pass","Test that spaces at beginning of username are trimmed and login succeeds."
"broken","Wed Dec 24 10:03:31 UTC 2025","Wed Dec 24 10:03:31 UTC 2025","0","tests","test_performance","TestPerformance","","","test_dashboard_load_performance","Test dashboard load performance."
"broken","Wed Dec 24 10:04:44 UTC 2025","Wed Dec 24 10:04:44 UTC 2025","0","tests","test_users","TestUsers","","","test_view_user_functionality","Test viewing a user."
"broken","Wed Dec 24 10:04:30 UTC 2025","Wed Dec 24 10:04:30 UTC 2025","0","tests","test_username_password_normalization","TestUsernamePasswordNormalization","","","test_username_with_spaces_at_end_should_pass","Test that spaces at end of username are trimmed and login succeeds."
"broken","Wed Dec 24 10:03:48 UTC 2025","Wed Dec 24 10:03:48 UTC 2025","0","tests","test_reports_comprehensive","TestReportsComprehensive","","","test_export_reports_pdf","Test exporting reports to PDF."
"broken","Wed Dec 24 10:03:58 UTC 2025","Wed Dec 24 10:03:58 UTC 2025","0","tests","test_search_comprehensive","TestSearchComprehensive","","","test_search_clear_functionality","Test clearing search results."
"broken","Wed Dec 24 10:03:00 UTC 2025","Wed Dec 24 10:03:00 UTC 2025","0","tests","test_edge_cases","TestEdgeCases","","","test_only_whitespace_input","Test input with only whitespace."
"broken","Wed Dec 24 10:04:35 UTC 2025","Wed Dec 24 10:04:35 UTC 2025","0","tests","test_username_password_normalization","TestUsernamePasswordNormalization","","","test_password_case_sensitive_uppercase_should_fail","Test that password in uppercase should fail (password is case-sensitive)."
"broken","Wed Dec 24 10:02:18 UTC 2025","Wed Dec 24 10:02:18 UTC 2025","0","tests","test_accessibility","TestAccessibility","","","test_form_labels","Test form field labels."
